timestamp,Type,isEntered
1682467818048,IN_VEHICLE,False
1682467818048,WALKING,True
1682467976016,WALKING,False
1682467976016,STILL,True
1682471941107,STILL,False
1682471941107,WALKING,True
1682472072971,WALKING,False
1682472072971,STILL,True
1682472090935,STILL,False
1682472090935,IN_VEHICLE,True
1682472327100,IN_VEHICLE,False
1682472327100,WALKING,True
1682472455908,WALKING,False
1682472455908,STILL,True
1682472489880,STILL,False
1682472489880,WALKING,True
1682472562970,WALKING,False
1682472562970,IN_VEHICLE,True
1682473183084,IN_VEHICLE,False
1682473183084,WALKING,True
1682473253012,WALKING,False
1682473253012,IN_VEHICLE,True
1682473505012,IN_VEHICLE,False
1682473505012,WALKING,True
1682473757124,WALKING,False
1682473757124,STILL,True
1682473791108,STILL,False
1682473791108,WALKING,True
1682473973626,WALKING,False
1682473973626,STILL,True
1682474407826,STILL,False
1682474407826,WALKING,True
1682474492892,WALKING,False
1682474492892,STILL,True
1682475683708,STILL,False
1682475683708,WALKING,True
1682475785946,WALKING,False
1682475785946,STILL,True
1682476719424,STILL,False
1682476719424,WALKING,True
1682476840181,WALKING,False
1682476840181,STILL,True
1682477422793,STILL,False
1682477422793,IN_VEHICLE,True
1682478336366,IN_VEHICLE,False
1682478336366,STILL,True
1682479795673,STILL,False
1682479795673,WALKING,True
1682480419735,WALKING,False
1682480419735,STILL,True
1682481503305,STILL,False
1682481503305,IN_VEHICLE,True
1682482002847,IN_VEHICLE,False
1682482002847,STILL,True
1682486261748,STILL,False
1682486261748,WALKING,True
1682486666479,WALKING,False
1682486666479,STILL,True
1682487864909,STILL,False
1682487864909,WALKING,True
1682488020816,WALKING,False
1682488020816,STILL,True
1682488177263,STILL,False
1682488177263,WALKING,True
1682488346120,WALKING,False
1682488346120,STILL,True
1682494983457,STILL,False
1682494983457,WALKING,True
1682495051452,WALKING,False
1682495051452,STILL,True
1682495163773,STILL,False
1682495163773,WALKING,True
1682495392782,WALKING,False
1682495392782,IN_VEHICLE,True
1682497330695,IN_VEHICLE,False
1682497330695,WALKING,True
1682497452819,WALKING,False
1682497452819,STILL,True
1682500529703,STILL,False
1682500529703,WALKING,True
1682500901333,WALKING,False
1682500901333,STILL,True
1682501024525,STILL,False
1682501024525,WALKING,True
1682501454779,WALKING,False
1682501454779,STILL,True
1682501489702,STILL,False
1682501489702,WALKING,True
1682501694719,WALKING,False
1682501694719,STILL,True
1682501745787,STILL,False
1682501745787,WALKING,True
1682502035874,WALKING,False
1682502035874,STILL,True
1682502093896,STILL,False
1682502093896,IN_VEHICLE,True
1682502389451,IN_VEHICLE,False
1682502389451,IN_VEHICLE,True
1682502399897,IN_VEHICLE,False
1682502399897,IN_VEHICLE,True
1682504265642,IN_VEHICLE,False
1682504265642,STILL,True
1682508842574,STILL,False
1682508842574,WALKING,True
1682508872632,WALKING,False
1682508872632,STILL,True
1682509022956,STILL,False
1682509022956,IN_VEHICLE,True
1682509297413,IN_VEHICLE,False
1682509297413,WALKING,True
1682509423568,WALKING,False
1682509423568,IN_VEHICLE,True
1682510535975,IN_VEHICLE,False
1682510535975,WALKING,True
1682510588620,WALKING,False
1682510588620,STILL,True
1682516089991,STILL,False
1682516089991,WALKING,True
1682516252131,WALKING,False
1682516252131,STILL,True
1682516282974,STILL,False
1682516282974,IN_VEHICLE,True
1682518230081,IN_VEHICLE,False
1682518230081,STILL,True
1682550517252,STILL,False
1682550517252,WALKING,True
1682550572423,WALKING,False
1682550572423,IN_VEHICLE,True
1682551871674,IN_VEHICLE,False
1682551871674,WALKING,True
1682552091460,WALKING,False
1682552091460,STILL,True
1682552155319,STILL,False
1682552155319,WALKING,True
1682552461696,WALKING,False
1682552461696,STILL,True
1682553334753,STILL,False
1682553334753,WALKING,True
1682553572729,WALKING,False
1682553572729,STILL,True
1682383508273,STILL,False
1682383508273,WALKING,True
1682384246159,WALKING,False
1682384246159,STILL,True
1682385939387,STILL,False
1682385939387,WALKING,True
1682386112746,WALKING,False
1682386112746,STILL,True
1682391661674,STILL,False
1682391661674,WALKING,True
1682391869834,WALKING,False
1682391869834,IN_VEHICLE,True
1682392010791,IN_VEHICLE,False
1682392010791,WALKING,True
1682392316877,WALKING,False
1682392316877,STILL,True
1682394163817,STILL,False
1682394163817,WALKING,True
1682394306773,WALKING,False
1682394306773,IN_VEHICLE,True
1682394713745,IN_VEHICLE,False
1682394713745,WALKING,True
1682395121878,WALKING,False
1682395121878,STILL,True
1682399527190,STILL,False
1682399527190,WALKING,True
1682399721804,WALKING,False
1682399721804,IN_VEHICLE,True
1682400086620,IN_VEHICLE,False
1682400086620,RUNNING,True
1682400121558,RUNNING,False
1682400121558,WALKING,True
1682400624806,WALKING,False
1682400624806,RUNNING,True
1682400744013,RUNNING,False
1682400744013,STILL,True
1682402531925,STILL,False
1682402531925,WALKING,True
1682402637060,WALKING,False
1682402637060,STILL,True
1682405377069,STILL,False
1682405377069,WALKING,True
1682405668010,WALKING,False
1682405668010,IN_VEHICLE,True
1682406494226,IN_VEHICLE,False
1682406494226,WALKING,True
1682406676585,WALKING,False
1682406676585,STILL,True
1682406796572,STILL,False
1682406796572,WALKING,True
1682406927113,WALKING,False
1682406927113,STILL,True
1682406937352,STILL,False
1682406937352,WALKING,True
1682406967513,WALKING,False
1682406967513,STILL,True
1682407033724,STILL,False
1682407033724,WALKING,True
1682407265053,WALKING,False
1682407265053,STILL,True
1682407502218,STILL,False
1682407502218,IN_VEHICLE,True
1682408219630,IN_VEHICLE,False
1682408219630,RUNNING,True
1682408290631,RUNNING,False
1682408290631,IN_VEHICLE,True
1682408386597,IN_VEHICLE,False
1682408386597,IN_VEHICLE,True
1682409001581,IN_VEHICLE,False
1682409001581,STILL,True
1682412830139,STILL,False
1682412830139,WALKING,True
1682412967032,WALKING,False
1682412967032,STILL,True
1682414611606,STILL,False
1682414611606,IN_VEHICLE,True
1682415526132,IN_VEHICLE,False
1682415526132,STILL,True
1682417150584,STILL,False
1682417150584,WALKING,True
1682417343441,WALKING,False
1682417343441,IN_VEHICLE,True
1682418302057,IN_VEHICLE,False
1682418302057,WALKING,True
1682418654933,WALKING,False
1682418654933,STILL,True
1682418739781,STILL,False
1682418739781,WALKING,True
1682418803885,WALKING,False
1682418803885,STILL,True
1682422788693,STILL,False
1682422788693,WALKING,True
1682422907887,WALKING,False
1682422907887,STILL,True
1682423482506,STILL,False
1682423482506,WALKING,True
1682423640542,WALKING,False
1682423640542,STILL,True
1682425901114,STILL,False
1682425901114,WALKING,True
1682426139589,WALKING,False
1682426139589,IN_VEHICLE,True
1682426262090,IN_VEHICLE,False
1682426262090,WALKING,True
1682426415063,WALKING,False
1682426415063,STILL,True
1682426619048,STILL,False
1682426619048,WALKING,True
1682426704214,WALKING,False
1682426704214,STILL,True
1682428745312,STILL,False
1682428745312,WALKING,True
1682429610530,WALKING,False
1682429610530,STILL,True
1682429690576,STILL,False
1682429690576,WALKING,True
1682429758751,WALKING,False
1682429758751,IN_VEHICLE,True
1682429909394,IN_VEHICLE,False
1682429909394,WALKING,True
1682430317905,WALKING,False
1682430317905,STILL,True
1682434389370,STILL,False
1682434389370,WALKING,True
1682434666674,WALKING,False
1682434666674,IN_VEHICLE,True
1682435778002,IN_VEHICLE,False
1682435778002,STILL,True
1682436943561,STILL,False
1682436943561,IN_VEHICLE,True
1682437987003,IN_VEHICLE,False
1682437987003,STILL,True
1682465871317,STILL,False
1682465871317,WALKING,True
1682465978927,WALKING,False
1682465978927,IN_VEHICLE,True
1682035755162,IN_VEHICLE,False
1682035755162,STILL,True
1682041757455,STILL,False
1682041757455,WALKING,True
1682041974147,WALKING,False
1682041974147,STILL,True
1682042109568,STILL,False
1682042109568,IN_VEHICLE,True
1682042414422,IN_VEHICLE,False
1682042414422,WALKING,True
1682046264745,WALKING,False
1682046264745,IN_VEHICLE,True
1682046902361,IN_VEHICLE,False
1682046902361,STILL,True
1682053910627,STILL,False
1682053910627,IN_VEHICLE,True
1682054817776,IN_VEHICLE,False
1682054817776,STILL,True
1682064542657,STILL,False
1682064542657,IN_VEHICLE,True
1682065270518,IN_VEHICLE,False
1682065270518,WALKING,True
1682065597579,WALKING,False
1682065597579,STILL,True
1682065852297,STILL,False
1682065852297,IN_VEHICLE,True
1682070282971,IN_VEHICLE,False
1682070282971,STILL,True
1682073973532,STILL,False
1682073973532,WALKING,True
1682074447764,WALKING,False
1682074447764,IN_VEHICLE,True
1682074797547,IN_VEHICLE,False
1682074797547,WALKING,True
1682075203905,WALKING,False
1682075203905,STILL,True
1682081294259,STILL,False
1682081294259,WALKING,True
1682081515957,WALKING,False
1682081515957,IN_VEHICLE,True
1682082462940,IN_VEHICLE,False
1682082462940,STILL,True
1682083308823,STILL,False
1682083308823,IN_VEHICLE,True
1682085597751,IN_VEHICLE,False
1682085597751,STILL,True
1680831899847,IN_VEHICLE,False
1680831899847,STILL,True
1680836175104,STILL,False
1680836175104,WALKING,True
1680836251361,WALKING,False
1680836251361,STILL,True
1680836256411,STILL,False
1680836256411,IN_VEHICLE,True
1680836266447,IN_VEHICLE,False
1680836266447,IN_VEHICLE,True
1680837851276,IN_VEHICLE,False
1680837851276,WALKING,True
1680838220130,WALKING,False
1680838220130,STILL,True
1680838240198,STILL,False
1680838240198,IN_VEHICLE,True
1680838997115,IN_VEHICLE,False
1680838997115,WALKING,True
1680840236752,WALKING,False
1680840236752,STILL,True
1680844429253,STILL,False
1680844429253,WALKING,True
1680848225721,WALKING,False
1680848225721,STILL,True
1680848260797,STILL,False
1680848260797,IN_VEHICLE,True
1680850644212,IN_VEHICLE,False
1680850644212,IN_VEHICLE,True
1680850671337,IN_VEHICLE,False
1680850671337,IN_VEHICLE,True
1680851835379,IN_VEHICLE,False
1680851835379,WALKING,True
1680852030732,WALKING,False
1680852030732,STILL,True
1680852101060,STILL,False
1680852101060,WALKING,True
1680856286052,WALKING,False
1680856286052,STILL,True
1680856336978,STILL,False
1680856336978,WALKING,True
1680856554072,WALKING,False
1680856554072,STILL,True
1680856770818,STILL,False
1680856770818,WALKING,True
1680856998249,WALKING,False
1680856998249,STILL,True
1680858451345,STILL,False
1680858451345,WALKING,True
1680859340462,WALKING,False
1680859340462,STILL,True
1680859442566,STILL,False
1680859442566,IN_VEHICLE,True
1680862087620,IN_VEHICLE,False
1680862087620,IN_VEHICLE,True
1680862102677,IN_VEHICLE,False
1680862102677,IN_VEHICLE,True
1680862305486,IN_VEHICLE,False
1680862305486,WALKING,True
1680863234558,WALKING,False
1680863234558,IN_VEHICLE,True
1680865310587,IN_VEHICLE,False
1680865310587,STILL,True
1680865915354,STILL,False
1680865915354,WALKING,True
1680865964383,WALKING,False
1680865964383,STILL,True
1680865999529,STILL,False
1680865999529,IN_VEHICLE,True
1680866401880,IN_VEHICLE,False
1680866401880,WALKING,True
1680867737461,WALKING,False
1680867737461,STILL,True
1680867822380,STILL,False
1680867822380,WALKING,True
1680870657475,WALKING,False
1680870657475,IN_VEHICLE,True
1680874938925,IN_VEHICLE,False
1680874938925,STILL,True
1680569708717,WALKING,False
1680569708717,STILL,True
1680570253616,STILL,False
1680570253616,WALKING,True
1680570945388,WALKING,False
1680570945388,IN_VEHICLE,True
1680572569058,IN_VEHICLE,False
1680572569058,STILL,True
1680575361531,STILL,False
1680575361531,WALKING,True
1680577782086,WALKING,False
1680577782086,IN_VEHICLE,True
1680578585411,IN_VEHICLE,False
1680578585411,WALKING,True
1680578662362,WALKING,False
1680578662362,STILL,True
1680579739254,STILL,False
1680579739254,IN_VEHICLE,True
1680581560815,IN_VEHICLE,False
1680581560815,STILL,True
1680591717972,STILL,False
1680591717972,WALKING,True
1680593564090,WALKING,False
1680593564090,STILL,True
1680596629919,STILL,False
1680596629919,WALKING,True
1680596845336,WALKING,False
1680596845336,STILL,True
1680599868956,STILL,False
1680599868956,WALKING,True
1680600136886,WALKING,False
1680600136886,STILL,True
1680602248282,STILL,False
1680602248282,IN_VEHICLE,True
1680603785249,IN_VEHICLE,False
1680603785249,STILL,True
1680603802002,STILL,False
1680603802002,WALKING,True
1680603904079,WALKING,False
1680603904079,STILL,True
1680605123777,STILL,False
1680605123777,WALKING,True
1680605247840,WALKING,False
1680605247840,STILL,True
1680605358466,STILL,False
1680605358466,WALKING,True
1680605772785,WALKING,False
1680605772785,STILL,True
1680608843651,STILL,False
1680608843651,WALKING,True
1680608958830,WALKING,False
1680608958830,IN_VEHICLE,True
1680609325337,IN_VEHICLE,False
1680609325337,WALKING,True
1680612671453,WALKING,False
1680612671453,STILL,True
1680614898348,STILL,False
1680614898348,WALKING,True
1680615701841,WALKING,False
1680615701841,STILL,True
1680617706885,STILL,False
1680617706885,WALKING,True
1680618013968,WALKING,False
1680618013968,STILL,True
1680618160653,STILL,False
1680618160653,WALKING,True
1680618822586,WALKING,False
1680618822586,STILL,True
1680623818830,STILL,False
1680623818830,WALKING,True
1680625923060,WALKING,False
1680625923060,STILL,True
1680650781545,STILL,False
1680650781545,IN_VEHICLE,True
1680654610206,IN_VEHICLE,False
1680654610206,STILL,True
1680658593623,STILL,False
1680658593623,WALKING,True
1680659431459,WALKING,False
1680659431459,STILL,True
1680659552483,STILL,False
1680659552483,WALKING,True
1680663513800,WALKING,False
1680663513800,IN_VEHICLE,True
1680664488125,IN_VEHICLE,False
1680664488125,STILL,True
1680665706881,STILL,False
1680665706881,WALKING,True
1680666203258,WALKING,False
1680666203258,IN_VEHICLE,True
1680667265156,IN_VEHICLE,False
1680667265156,STILL,True
1680671999131,STILL,False
1680671999131,WALKING,True
1680673391509,WALKING,False
1680673391509,STILL,True
1680681498369,STILL,False
1680681498369,IN_VEHICLE,True
1680683403293,IN_VEHICLE,False
1680683403293,WALKING,True
1680683687583,WALKING,False
1680683687583,STILL,True
1680687056766,STILL,False
1680687056766,WALKING,True
1680689475983,WALKING,False
1680689475983,STILL,True
1680690458180,STILL,False
1680690458180,WALKING,True
1680690748248,WALKING,False
1680690748248,STILL,True
1680690799221,STILL,False
1680690799221,IN_VEHICLE,True
1680691917944,IN_VEHICLE,False
1680691917944,STILL,True
1680696013323,STILL,False
1680696013323,WALKING,True
1680696330968,WALKING,False
1680696330968,STILL,True
1680698055097,STILL,False
1680698055097,WALKING,True
1680699232438,WALKING,False
1680699232438,STILL,True
1680699533894,STILL,False
1680699533894,IN_VEHICLE,True
1680701225970,IN_VEHICLE,False
1680701225970,STILL,True
1680702130254,STILL,False
1680702130254,WALKING,True
1680702318502,WALKING,False
1680702318502,STILL,True
1680704264761,STILL,False
1680704264761,WALKING,True
1680705023726,WALKING,False
1680705023726,STILL,True
1680736923350,STILL,False
1680736923350,IN_VEHICLE,True
1680738770579,IN_VEHICLE,False
1680738770579,STILL,True
1680739170651,STILL,False
1680739170651,WALKING,True
1682647395614,STILL,False
1682647395614,WALKING,True
1682647717305,WALKING,False
1682647717305,STILL,True
1682650094632,STILL,False
1682650094632,WALKING,True
1682650167265,WALKING,False
1682650167265,IN_VEHICLE,True
1682651125948,IN_VEHICLE,False
1682651125948,WALKING,True
1682651270582,WALKING,False
1682651270582,STILL,True
1682657238688,STILL,False
1682657238688,WALKING,True
1682657307457,WALKING,False
1682657307457,IN_VEHICLE,True
1682658038265,IN_VEHICLE,False
1682658038265,WALKING,True
1682658401270,WALKING,False
1682658401270,STILL,True
1682659626247,STILL,False
1682659626247,IN_VEHICLE,True
1682660306307,IN_VEHICLE,False
1682660306307,IN_VEHICLE,True
1682661208455,IN_VEHICLE,False
1682661208455,STILL,True
1682661723253,STILL,False
1682661723253,IN_VEHICLE,True
1682662718233,IN_VEHICLE,False
1682662718233,STILL,True
1682663782938,STILL,False
1682663782938,IN_VEHICLE,True
1682665264060,IN_VEHICLE,False
1682665264060,STILL,True
1682669154620,STILL,False
1682669154620,WALKING,True
1682669344150,WALKING,False
1682669344150,STILL,True
1682669452747,STILL,False
1682669452747,WALKING,True
1682669880782,WALKING,False
1682669880782,IN_VEHICLE,True
1682671835117,IN_VEHICLE,False
1682671835117,STILL,True
1682675242281,STILL,False
1682675242281,IN_VEHICLE,True
1682676288060,IN_VEHICLE,False
1682676288060,STILL,True
1682678724123,STILL,False
1682678724123,WALKING,True
1682678792022,WALKING,False
1682678792022,IN_VEHICLE,True
1682680383471,IN_VEHICLE,False
1682680383471,WALKING,True
1682680657533,WALKING,False
1682680657533,STILL,True
1682681490565,STILL,False
1682681490565,IN_VEHICLE,True
1682682171646,IN_VEHICLE,False
1682682171646,STILL,True
1682682305539,STILL,False
1682682305539,IN_VEHICLE,True
1682683721791,IN_VEHICLE,False
1682683721791,STILL,True
1682688113964,STILL,False
1682688113964,WALKING,True
1682688518042,WALKING,False
1682688518042,STILL,True
1682688669027,STILL,False
1682688669027,WALKING,True
1682688863157,WALKING,False
1682688863157,STILL,True
1682690950632,STILL,False
1682690950632,IN_VEHICLE,True
1682691460903,IN_VEHICLE,False
1682691460903,STILL,True
1682692383971,STILL,False
1682692383971,IN_VEHICLE,True
1682692911889,IN_VEHICLE,False
1682692911889,WALKING,True
1682693487095,WALKING,False
1682693487095,IN_VEHICLE,True
1682694254003,IN_VEHICLE,False
1682694254003,WALKING,True
1682694457794,WALKING,False
1682694457794,STILL,True
1682695113130,STILL,False
1682695113130,IN_VEHICLE,True
1682696228000,IN_VEHICLE,False
1682696228000,STILL,True
1682696776682,STILL,False
1682696776682,IN_VEHICLE,True
1682698581773,IN_VEHICLE,False
1682698581773,STILL,True
1682698815614,STILL,False
1682698815614,IN_VEHICLE,True
1682699924437,IN_VEHICLE,False
1682699924437,STILL,True
1679703780950,STILL,False
1679703780950,WALKING,True
1679704632674,WALKING,False
1679704632674,STILL,True
1679704722825,STILL,False
1679704722825,IN_VEHICLE,True
1679706386803,IN_VEHICLE,False
1679706386803,WALKING,True
1679707619703,WALKING,False
1679707619703,IN_VEHICLE,True
1679713904662,IN_VEHICLE,False
1679713904662,STILL,True
1679713926769,STILL,False
1679713926769,WALKING,True
1679714690921,WALKING,False
1679714690921,IN_VEHICLE,True
1679715124763,IN_VEHICLE,False
1679715124763,WALKING,True
1679720037590,WALKING,False
1679720037590,STILL,True
1679720128234,STILL,False
1679720128234,WALKING,True
1679722203463,WALKING,False
1679722203463,STILL,True
1679731522194,STILL,False
1679731522194,WALKING,True
1679736869078,WALKING,False
1679736869078,STILL,True
1679740000417,STILL,False
1679740000417,WALKING,True
1679740240206,WALKING,False
1679740240206,STILL,True
1679742752024,STILL,False
1679742752024,IN_VEHICLE,True
1679744132864,IN_VEHICLE,False
1679744132864,STILL,True
1679745858312,STILL,False
1679745858312,WALKING,True
1679747972190,WALKING,False
1679747972190,STILL,True
1679748702757,STILL,False
1679748702757,IN_VEHICLE,True
1679748835437,IN_VEHICLE,False
1679748835437,IN_VEHICLE,True
1679748886377,IN_VEHICLE,False
1679748886377,IN_VEHICLE,True
1679749800266,IN_VEHICLE,False
1679749800266,IN_VEHICLE,True
1679750008524,IN_VEHICLE,False
1679750008524,IN_VEHICLE,True
1679750368655,IN_VEHICLE,False
1679750368655,IN_VEHICLE,True
1679750964052,IN_VEHICLE,False
1679750964052,IN_VEHICLE,True
1679752075240,IN_VEHICLE,False
1679752075240,IN_VEHICLE,True
1679752401870,IN_VEHICLE,False
1679752401870,IN_VEHICLE,True
1679752511876,IN_VEHICLE,False
1679752511876,IN_VEHICLE,True
1679752534039,IN_VEHICLE,False
1679752534039,IN_VEHICLE,True
1679754605607,IN_VEHICLE,False
1679754605607,IN_VEHICLE,True
1679755028456,IN_VEHICLE,False
1679755028456,WALKING,True
1679755420959,WALKING,False
1679755420959,STILL,True
1679755570561,STILL,False
1679755570561,IN_VEHICLE,True
1679756465464,IN_VEHICLE,False
1679756465464,WALKING,True
1679756608696,WALKING,False
1679756608696,IN_VEHICLE,True
1679756625655,IN_VEHICLE,False
1679756625655,WALKING,True
1679756693580,WALKING,False
1679756693580,STILL,True
1679756713604,STILL,False
1679756713604,IN_VEHICLE,True
1679757907214,IN_VEHICLE,False
1679757907214,STILL,True
1682123489131,STILL,False
1682123489131,IN_VEHICLE,True
1682124397552,IN_VEHICLE,False
1682124397552,STILL,True
1682124949618,STILL,False
1682124949618,WALKING,True
1682125062993,WALKING,False
1682125062993,IN_VEHICLE,True
1682125206202,IN_VEHICLE,False
1682125206202,WALKING,True
1682125435023,WALKING,False
1682125435023,STILL,True
1682125545987,STILL,False
1682125545987,IN_VEHICLE,True
1682126370811,IN_VEHICLE,False
1682126370811,WALKING,True
1682129052328,WALKING,False
1682129052328,STILL,True
1682133615919,STILL,False
1682133615919,IN_VEHICLE,True
1682135780929,IN_VEHICLE,False
1682135780929,WALKING,True
1682135810700,WALKING,False
1682135810700,STILL,True
1682135912793,STILL,False
1682135912793,WALKING,True
1682136652494,WALKING,False
1682136652494,STILL,True
1682144275713,STILL,False
1682144275713,IN_VEHICLE,True
1682146112131,IN_VEHICLE,False
1682146112131,STILL,True
1682159093208,STILL,False
1682159093208,WALKING,True
1682160563781,WALKING,False
1682160563781,IN_VEHICLE,True
1682162302274,IN_VEHICLE,False
1682162302274,STILL,True
1682829334435,STILL,False
1682829334435,WALKING,True
1682829406380,WALKING,False
1682829406380,STILL,True
1682836443732,STILL,False
1682836443732,WALKING,True
1682836695256,WALKING,False
1682836695256,IN_VEHICLE,True
1682837626556,IN_VEHICLE,False
1682837626556,WALKING,True
1682837862005,WALKING,False
1682837862005,STILL,True
1682837896106,STILL,False
1682837896106,WALKING,True
1682837964108,WALKING,False
1682837964108,STILL,True
1682839904572,STILL,False
1682839904572,WALKING,True
1682840070767,WALKING,False
1682840070767,STILL,True
1682840908692,STILL,False
1682840908692,ON_BICYCLE,True
1682840942743,ON_BICYCLE,False
1682840942743,WALKING,True
1682841046334,WALKING,False
1682841046334,STILL,True
1682843020080,STILL,False
1682843020080,WALKING,True
1682843244625,WALKING,False
1682843244625,STILL,True
1682844704831,STILL,False
1682844704831,WALKING,True
1682844808940,WALKING,False
1682844808940,STILL,True
1682849153460,STILL,False
1682849153460,WALKING,True
1682849221537,WALKING,False
1682849221537,STILL,True
1682849301155,STILL,False
1682849301155,WALKING,True
1682849402217,WALKING,False
1682849402217,STILL,True
1682849763971,STILL,False
1682849763971,IN_VEHICLE,True
1682850357678,IN_VEHICLE,False
1682850357678,STILL,True
1682850616650,STILL,False
1682850616650,WALKING,True
1682851325128,WALKING,False
1682851325128,STILL,True
1682852382479,STILL,False
1682852382479,WALKING,True
1682852728587,WALKING,False
1682852728587,STILL,True
1682856200896,STILL,False
1682856200896,WALKING,True
1682856387309,WALKING,False
1682856387309,STILL,True
1682857085004,STILL,False
1682857085004,WALKING,True
1682857199941,WALKING,False
1682857199941,STILL,True
1682857801540,STILL,False
1682857801540,WALKING,True
1682857972397,WALKING,False
1682857972397,STILL,True
1682858394231,STILL,False
1682858394231,WALKING,True
1682858499389,WALKING,False
1682858499389,STILL,True
1682861644055,STILL,False
1682861644055,WALKING,True
1682861843769,WALKING,False
1682861843769,IN_VEHICLE,True
1682862077834,IN_VEHICLE,False
1682862077834,WALKING,True
1682862426671,WALKING,False
1682862426671,STILL,True
1682863213429,STILL,False
1682863213429,WALKING,True
1682863395943,WALKING,False
1682863395943,STILL,True
1682863656285,STILL,False
1682863656285,WALKING,True
1682863821856,WALKING,False
1682863821856,STILL,True
1682864296399,STILL,False
1682864296399,WALKING,True
1682864479047,WALKING,False
1682864479047,STILL,True
1682864496054,STILL,False
1682864496054,WALKING,True
1682865471967,WALKING,False
1682865471967,STILL,True
1682865628038,STILL,False
1682865628038,WALKING,True
1682865696008,WALKING,False
1682865696008,STILL,True
1682865741234,STILL,False
1682865741234,WALKING,True
1682865830960,WALKING,False
1682865830960,STILL,True
1682865959027,STILL,False
1682865959027,WALKING,True
1682866092051,WALKING,False
1682866092051,STILL,True
1682866194030,STILL,False
1682866194030,WALKING,True
1682866667973,WALKING,False
1682866667973,STILL,True
1682866901188,STILL,False
1682866901188,WALKING,True
1682867226084,WALKING,False
1682867226084,STILL,True
1682867312441,STILL,False
1682867312441,WALKING,True
1682867457965,WALKING,False
1682867457965,STILL,True
1682869057038,STILL,False
1682869057038,WALKING,True
1682870151579,WALKING,False
1682870151579,STILL,True
1682870255140,STILL,False
1682870255140,WALKING,True
1682870550569,WALKING,False
1682870550569,STILL,True
1682871746130,STILL,False
1682871746130,WALKING,True
1682871797031,WALKING,False
1682871797031,STILL,True
1682871876815,STILL,False
1682871876815,WALKING,True
1682872078889,WALKING,False
1682872078889,STILL,True
1682875528439,STILL,False
1682875528439,WALKING,True
1682875914998,WALKING,False
1682875914998,STILL,True
1682876878316,STILL,False
1682876878316,WALKING,True
1682877278941,WALKING,False
1682877278941,IN_VEHICLE,True
1682877976719,IN_VEHICLE,False
1682877976719,WALKING,True
1682878211001,WALKING,False
1682878211001,IN_VEHICLE,True
1682878805530,IN_VEHICLE,False
1682878805530,IN_VEHICLE,True
1682878828473,IN_VEHICLE,False
1682878828473,WALKING,True
1682879014943,WALKING,False
1682879014943,STILL,True
1681436844032,STILL,False
1681436844032,WALKING,True
1681436966855,WALKING,False
1681436966855,STILL,True
1681437224573,STILL,False
1681437224573,WALKING,True
1681437488249,WALKING,False
1681437488249,STILL,True
1681440723740,STILL,False
1681440723740,WALKING,True
1681440850839,WALKING,False
1681440850839,IN_VEHICLE,True
1681441295245,IN_VEHICLE,False
1681441295245,WALKING,True
1681441893555,WALKING,False
1681441893555,STILL,True
1681443614697,STILL,False
1681443614697,WALKING,True
1681443873767,WALKING,False
1681443873767,IN_VEHICLE,True
1681444984705,IN_VEHICLE,False
1681444984705,WALKING,True
1681445103803,WALKING,False
1681445103803,STILL,True
1681464462535,STILL,False
1681464462535,IN_VEHICLE,True
1681466365011,IN_VEHICLE,False
1681466365011,WALKING,True
1681466601079,WALKING,False
1681466601079,STILL,True
1681466828116,STILL,False
1681466828116,IN_VEHICLE,True
1681472143295,IN_VEHICLE,False
1681472143295,WALKING,True
1681472225176,WALKING,False
1681472225176,IN_VEHICLE,True
1681473273971,IN_VEHICLE,False
1681473273971,WALKING,True
1681473401551,WALKING,False
1681473401551,STILL,True
1681952491033,IN_VEHICLE,False
1681952491033,STILL,True
1681970894086,STILL,False
1681970894086,WALKING,True
1681971140354,WALKING,False
1681971140354,IN_VEHICLE,True
1681971495538,IN_VEHICLE,False
1681971495538,WALKING,True
1681971917643,WALKING,False
1681971917643,IN_VEHICLE,True
1681973685660,IN_VEHICLE,False
1681973685660,STILL,True
1681974184184,STILL,False
1681974184184,WALKING,True
1681975145643,WALKING,False
1681975145643,STILL,True
1681975442487,STILL,False
1681975442487,IN_VEHICLE,True
1681976230290,IN_VEHICLE,False
1681976230290,WALKING,True
1681976794511,WALKING,False
1681976794511,STILL,True
1681978892356,STILL,False
1681978892356,IN_VEHICLE,True
1681979756268,IN_VEHICLE,False
1681979756268,WALKING,True
1681980139415,WALKING,False
1681980139415,IN_VEHICLE,True
1681980642872,IN_VEHICLE,False
1681980642872,WALKING,True
1681989189089,WALKING,False
1681989189089,STILL,True
1681989276214,STILL,False
1681989276214,WALKING,True
1681990092176,WALKING,False
1681990092176,IN_VEHICLE,True
1681990595451,IN_VEHICLE,False
1681990595451,WALKING,True
1681993676683,WALKING,False
1681993676683,STILL,True
1681995644388,STILL,False
1681995644388,WALKING,True
1682000754137,WALKING,False
1682000754137,IN_VEHICLE,True
1682000880556,IN_VEHICLE,False
1682000880556,IN_VEHICLE,True
1682001139597,IN_VEHICLE,False
1682001139597,IN_VEHICLE,True
1682001380673,IN_VEHICLE,False
1682001380673,IN_VEHICLE,True
1682001571170,IN_VEHICLE,False
1682001571170,IN_VEHICLE,True
1682001601797,IN_VEHICLE,False
1682001601797,IN_VEHICLE,True
1682002306599,IN_VEHICLE,False
1682002306599,IN_VEHICLE,True
1682002352500,IN_VEHICLE,False
1682002352500,IN_VEHICLE,True
1682002856153,IN_VEHICLE,False
1682002856153,IN_VEHICLE,True
1682003189589,IN_VEHICLE,False
1682003189589,WALKING,True
1682003485181,WALKING,False
1682003485181,IN_VEHICLE,True
1682004484949,IN_VEHICLE,False
1682004484949,WALKING,True
1682004864426,WALKING,False
1682004864426,STILL,True
1682005349055,STILL,False
1682005349055,IN_VEHICLE,True
1682006355477,IN_VEHICLE,False
1682006355477,STILL,True
1682033453959,STILL,False
1682033453959,IN_VEHICLE,True
1682034291184,IN_VEHICLE,False
1682034291184,WALKING,True
1682034714745,WALKING,False
1682034714745,IN_VEHICLE,True
1682989608757,STILL,False
1682989608757,WALKING,True
1682990331721,WALKING,False
1682990331721,STILL,True
1682990513584,STILL,False
1682990513584,IN_VEHICLE,True
1682990866964,IN_VEHICLE,False
1682990866964,WALKING,True
1682991000065,WALKING,False
1682991000065,STILL,True
1682995513750,STILL,False
1682995513750,WALKING,True
1682997928404,WALKING,False
1682997928404,STILL,True
1682998021842,STILL,False
1682998021842,WALKING,True
1682998375826,WALKING,False
1682998375826,STILL,True
1682999541428,STILL,False
1682999541428,WALKING,True
1683000154767,WALKING,False
1683000154767,STILL,True
1683001512301,STILL,False
1683001512301,WALKING,True
1683001787732,WALKING,False
1683001787732,STILL,True
1683001823635,STILL,False
1683001823635,WALKING,True
1683001930814,WALKING,False
1683001930814,STILL,True
1683004669240,STILL,False
1683004669240,WALKING,True
1683004866819,WALKING,False
1683004866819,IN_VEHICLE,True
1683005016862,IN_VEHICLE,False
1683005016862,WALKING,True
1683005294719,WALKING,False
1683005294719,STILL,True
1683005540901,STILL,False
1683005540901,WALKING,True
1683005660126,WALKING,False
1683005660126,STILL,True
1683007556008,STILL,False
1683007556008,WALKING,True
1683007643686,WALKING,False
1683007643686,STILL,True
1683010123177,STILL,False
1683010123177,WALKING,True
1683010297116,WALKING,False
1683010297116,IN_VEHICLE,True
1683010454018,IN_VEHICLE,False
1683010454018,RUNNING,True
1683010482889,RUNNING,False
1683010482889,WALKING,True
1683010616883,WALKING,False
1683010616883,RUNNING,True
1683010646983,RUNNING,False
1683010646983,IN_VEHICLE,True
1683012337011,IN_VEHICLE,False
1683012337011,WALKING,True
1683012479354,WALKING,False
1683012479354,RUNNING,True
1683012530460,RUNNING,False
1683012530460,WALKING,True
1683012750716,WALKING,False
1683012750716,STILL,True
1683012856862,STILL,False
1683012856862,IN_VEHICLE,True
1683014663480,IN_VEHICLE,False
1683014663480,WALKING,True
1683015599675,WALKING,False
1683015599675,STILL,True
1683016210698,STILL,False
1683016210698,WALKING,True
1683016262698,WALKING,False
1683016262698,STILL,True
1683019636146,STILL,False
1683019636146,WALKING,True
1683019823225,WALKING,False
1683019823225,STILL,True
1683023684879,STILL,False
1683023684879,WALKING,True
1683025048711,WALKING,False
1683025048711,STILL,True
1683025225221,STILL,False
1683025225221,IN_VEHICLE,True
1683026979404,IN_VEHICLE,False
1683026979404,WALKING,True
1683027267583,WALKING,False
1683027267583,STILL,True
1683027710563,STILL,False
1683027710563,IN_VEHICLE,True
1683027815563,IN_VEHICLE,False
1683027815563,WALKING,True
1683028095976,WALKING,False
1683028095976,STILL,True
1683028148556,STILL,False
1683028148556,WALKING,True
1683028236574,WALKING,False
1683028236574,STILL,True
1683033313446,STILL,False
1683033313446,IN_VEHICLE,True
1683033377287,IN_VEHICLE,False
1683033377287,IN_VEHICLE,True
1683033848969,IN_VEHICLE,False
1683033848969,WALKING,True
1683034540856,WALKING,False
1683034540856,IN_VEHICLE,True
1683035735526,IN_VEHICLE,False
1683035735526,WALKING,True
1683035806482,WALKING,False
1683035806482,STILL,True
1683038647669,STILL,False
1683038647669,ON_BICYCLE,True
1683038843317,ON_BICYCLE,False
1683038843317,STILL,True
1683069882511,STILL,False
1683069882511,WALKING,True
1683069984576,WALKING,False
1683069984576,IN_VEHICLE,True
1683071653890,IN_VEHICLE,False
1683071653890,WALKING,True
1683071911287,WALKING,False
1683071911287,STILL,True
1679875847534,IN_VEHICLE,False
1679875847534,STILL,True
1679883304584,STILL,False
1679883304584,WALKING,True
1679883917730,WALKING,False
1679883917730,STILL,True
1679894240340,STILL,False
1679894240340,WALKING,True
1679895515332,WALKING,False
1679895515332,STILL,True
1679896284725,STILL,False
1679896284725,WALKING,True
1679896814908,WALKING,False
1679896814908,IN_VEHICLE,True
1679897255016,IN_VEHICLE,False
1679897255016,WALKING,True
1679904522312,WALKING,False
1679904522312,STILL,True
1679907726035,STILL,False
1679907726035,IN_VEHICLE,True
1679908244860,IN_VEHICLE,False
1679908244860,STILL,True
1679909937668,STILL,False
1679909937668,IN_VEHICLE,True
1679910188553,IN_VEHICLE,False
1679910188553,IN_VEHICLE,True
1679910222579,IN_VEHICLE,False
1679910222579,IN_VEHICLE,True
1679911647074,IN_VEHICLE,False
1679911647074,STILL,True
1679959004308,STILL,False
1679959004308,IN_VEHICLE,True
1679961565888,IN_VEHICLE,False
1679961565888,WALKING,True
1679967117283,WALKING,False
1679967117283,STILL,True
1679972342287,STILL,False
1679972342287,WALKING,True
1679972837391,WALKING,False
1679972837391,STILL,True
1679978283898,STILL,False
1679978283898,WALKING,True
1679979984719,WALKING,False
1679979984719,STILL,True
1679980085846,STILL,False
1679980085846,WALKING,True
1679981040793,WALKING,False
1679981040793,STILL,True
1679984996591,STILL,False
1679984996591,IN_VEHICLE,True
1679985873815,IN_VEHICLE,False
1679985873815,WALKING,True
1679986634358,WALKING,False
1679986634358,IN_VEHICLE,True
1679988009695,IN_VEHICLE,False
1679988009695,WALKING,True
1679990279929,WALKING,False
1679990279929,STILL,True
1680045332777,STILL,False
1680045332777,IN_VEHICLE,True
1680046804772,IN_VEHICLE,False
1680046804772,WALKING,True
1680047837331,WALKING,False
1680047837331,IN_VEHICLE,True
1681173885399,STILL,False
1681173885399,WALKING,True
1681174389049,WALKING,False
1681174389049,STILL,True
1681175051652,STILL,False
1681175051652,WALKING,True
1681175103747,WALKING,False
1681175103747,STILL,True
1681175954624,STILL,False
1681175954624,WALKING,True
1681176005769,WALKING,False
1681176005769,STILL,True
1681180603279,STILL,False
1681180603279,WALKING,True
1681180781938,WALKING,False
1681180781938,IN_VEHICLE,True
1681180894992,IN_VEHICLE,False
1681180894992,WALKING,True
1681181278330,WALKING,False
1681181278330,STILL,True
1681181369953,STILL,False
1681181369953,WALKING,True
1681181553936,WALKING,False
1681181553936,IN_VEHICLE,True
1681182405382,IN_VEHICLE,False
1681182405382,STILL,True
1681184665103,STILL,False
1681184665103,WALKING,True
1681184753712,WALKING,False
1681184753712,STILL,True
1681185146073,STILL,False
1681185146073,WALKING,True
1681185213060,WALKING,False
1681185213060,STILL,True
1681185537955,STILL,False
1681185537955,WALKING,True
1681185656859,WALKING,False
1681185656859,STILL,True
1681187995194,STILL,False
1681187995194,WALKING,True
1681188132846,WALKING,False
1681188132846,STILL,True
1681190014241,STILL,False
1681190014241,WALKING,True
1681190098427,WALKING,False
1681190098427,IN_VEHICLE,True
1681190509159,IN_VEHICLE,False
1681190509159,WALKING,True
1681190719163,WALKING,False
1681190719163,IN_VEHICLE,True
1681191639740,IN_VEHICLE,False
1681191639740,STILL,True
1681195121005,STILL,False
1681195121005,WALKING,True
1681195284820,WALKING,False
1681195284820,IN_VEHICLE,True
1681196018327,IN_VEHICLE,False
1681196018327,STILL,True
1681197499634,STILL,False
1681197499634,WALKING,True
1681197896770,WALKING,False
1681197896770,STILL,True
1681198158683,STILL,False
1681198158683,WALKING,True
1681198313004,WALKING,False
1681198313004,IN_VEHICLE,True
1681200958913,IN_VEHICLE,False
1681200958913,WALKING,True
1681201319057,WALKING,False
1681201319057,IN_VEHICLE,True
1681202109616,IN_VEHICLE,False
1681202109616,IN_VEHICLE,True
1681202457926,IN_VEHICLE,False
1681202457926,WALKING,True
1681202692566,WALKING,False
1681202692566,STILL,True
1681202722090,STILL,False
1681202722090,WALKING,True
1681202773306,WALKING,False
1681202773306,STILL,True
1681204772583,STILL,False
1681204772583,IN_VEHICLE,True
1681206344372,IN_VEHICLE,False
1681206344372,ON_BICYCLE,True
1681206761373,ON_BICYCLE,False
1681206761373,WALKING,True
1681207510231,WALKING,False
1681207510231,IN_VEHICLE,True
1681207756605,IN_VEHICLE,False
1681207756605,WALKING,True
1681208143660,WALKING,False
1681208143660,STILL,True
1681209962019,STILL,False
1681209962019,IN_VEHICLE,True
1681210862219,IN_VEHICLE,False
1681210862219,STILL,True
1681212401870,STILL,False
1681212401870,WALKING,True
1681212486895,WALKING,False
1681212486895,STILL,True
1681212773548,STILL,False
1681212773548,WALKING,True
1681212851225,WALKING,False
1681212851225,STILL,True
1681215935753,STILL,False
1681215935753,WALKING,True
1681216029663,WALKING,False
1681216029663,STILL,True
1681218694516,STILL,False
1681218694516,WALKING,True
1681218740505,WALKING,False
1681218740505,STILL,True
1681223785246,STILL,False
1681223785246,WALKING,True
1681223969070,WALKING,False
1681223969070,STILL,True
1681224151889,STILL,False
1681224151889,WALKING,True
1681224525068,WALKING,False
1681224525068,STILL,True
1681225107797,STILL,False
1681225107797,IN_VEHICLE,True
1681226134659,IN_VEHICLE,False
1681226134659,WALKING,True
1681226267513,WALKING,False
1681226267513,STILL,True
1681254952453,STILL,False
1681254952453,IN_VEHICLE,True
1681256641519,IN_VEHICLE,False
1681256641519,WALKING,True
1681256979251,WALKING,False
1681256979251,STILL,True
1680999969376,STILL,False
1680999969376,IN_VEHICLE,True
1681000298636,IN_VEHICLE,False
1681000298636,WALKING,True
1681001190512,WALKING,False
1681001190512,RUNNING,True
1681001205516,RUNNING,False
1681001205516,WALKING,True
1681001382017,WALKING,False
1681001382017,RUNNING,True
1681001399050,RUNNING,False
1681001399050,WALKING,True
1681001999001,WALKING,False
1681001999001,RUNNING,True
1681002049973,RUNNING,False
1681002049973,WALKING,True
1681004076547,WALKING,False
1681004076547,STILL,True
1681004111560,STILL,False
1681004111560,WALKING,True
1681004430534,WALKING,False
1681004430534,STILL,True
1681004745411,STILL,False
1681004745411,WALKING,True
1681004816335,WALKING,False
1681004816335,STILL,True
1681005667376,STILL,False
1681005667376,WALKING,True
1681006432287,WALKING,False
1681006432287,STILL,True
1681012504396,STILL,False
1681012504396,WALKING,True
1681012699088,WALKING,False
1681012699088,IN_VEHICLE,True
1681013696959,IN_VEHICLE,False
1681013696959,WALKING,True
1681014608518,WALKING,False
1681014608518,STILL,True
1681014626520,STILL,False
1681014626520,WALKING,True
1681014939331,WALKING,False
1681014939331,STILL,True
1681017149739,STILL,False
1681017149739,WALKING,True
1681017308183,WALKING,False
1681017308183,STILL,True
1681018285942,STILL,False
1681018285942,WALKING,True
1681018484258,WALKING,False
1681018484258,STILL,True
1681026155086,STILL,False
1681026155086,WALKING,True
1681026226718,WALKING,False
1681026226718,STILL,True
1681028594133,STILL,False
1681028594133,WALKING,True
1681028756901,WALKING,False
1681028756901,IN_VEHICLE,True
1681028849001,IN_VEHICLE,False
1681028849001,WALKING,True
1681028933530,WALKING,False
1681028933530,IN_VEHICLE,True
1681029368998,IN_VEHICLE,False
1681029368998,WALKING,True
1681029927766,WALKING,False
1681029927766,STILL,True
1681031465816,STILL,False
1681031465816,IN_VEHICLE,True
1681032012162,IN_VEHICLE,False
1681032012162,WALKING,True
1681032253637,WALKING,False
1681032253637,STILL,True
1681032304833,STILL,False
1681032304833,WALKING,True
1681032710455,WALKING,False
1681032710455,STILL,True
1681037443446,STILL,False
1681037443446,WALKING,True
1681037599246,WALKING,False
1681037599246,IN_VEHICLE,True
1681037782657,IN_VEHICLE,False
1681037782657,WALKING,True
1681037870250,WALKING,False
1681037870250,STILL,True
1681038763708,STILL,False
1681038763708,ON_BICYCLE,True
1681038780751,ON_BICYCLE,False
1681038780751,WALKING,True
1681038974948,WALKING,False
1681038974948,STILL,True
1681044355112,STILL,False
1681044355112,WALKING,True
1681047669458,WALKING,False
1681047669458,STILL,True
1681048495150,STILL,False
1681048495150,WALKING,True
1681048840615,WALKING,False
1681048840615,STILL,True
1681049075456,STILL,False
1681049075456,WALKING,True
1681049338410,WALKING,False
1681049338410,IN_VEHICLE,True
1681050569936,IN_VEHICLE,False
1681050569936,STILL,True
1681863501860,STILL,False
1681863501860,IN_VEHICLE,True
1681864556918,IN_VEHICLE,False
1681864556918,STILL,True
1681867956066,STILL,False
1681867956066,IN_VEHICLE,True
1681868973736,IN_VEHICLE,False
1681868973736,WALKING,True
1681869286888,WALKING,False
1681869286888,STILL,True
1681870407396,STILL,False
1681870407396,WALKING,True
1681872371667,WALKING,False
1681872371667,STILL,True
1681872510915,STILL,False
1681872510915,WALKING,True
1681872775818,WALKING,False
1681872775818,STILL,True
1681874368664,STILL,False
1681874368664,WALKING,True
1681875499382,WALKING,False
1681875499382,STILL,True
1681875720683,STILL,False
1681875720683,WALKING,True
1681875891680,WALKING,False
1681875891680,STILL,True
1681876183108,STILL,False
1681876183108,ON_BICYCLE,True
1681876462824,ON_BICYCLE,False
1681876462824,STILL,True
1681879841725,STILL,False
1681879841725,WALKING,True
1681880090214,WALKING,False
1681880090214,IN_VEHICLE,True
1681880257048,IN_VEHICLE,False
1681880257048,WALKING,True
1681880440221,WALKING,False
1681880440221,STILL,True
1681880457242,STILL,False
1681880457242,WALKING,True
1681881641259,WALKING,False
1681881641259,STILL,True
1681882194235,STILL,False
1681882194235,IN_VEHICLE,True
1681882926980,IN_VEHICLE,False
1681882926980,WALKING,True
1681884176011,WALKING,False
1681884176011,STILL,True
1681886441140,STILL,False
1681886441140,WALKING,True
1681887357378,WALKING,False
1681887357378,STILL,True
1681891150114,STILL,False
1681891150114,WALKING,True
1681891305919,WALKING,False
1681891305919,IN_VEHICLE,True
1681893124422,IN_VEHICLE,False
1681893124422,STILL,True
1681894386254,STILL,False
1681894386254,IN_VEHICLE,True
1681895021807,IN_VEHICLE,False
1681895021807,STILL,True
1681897308586,STILL,False
1681897308586,IN_VEHICLE,True
1681900504539,IN_VEHICLE,False
1681900504539,STILL,True
1681904279642,STILL,False
1681904279642,IN_VEHICLE,True
1681905067504,IN_VEHICLE,False
1681905067504,WALKING,True
1681905348301,WALKING,False
1681905348301,STILL,True
1681905971256,STILL,False
1681905971256,WALKING,True
1681906280881,WALKING,False
1681906280881,STILL,True
1681906408298,STILL,False
1681906408298,WALKING,True
1681908277052,WALKING,False
1681908277052,STILL,True
1681912453992,STILL,False
1681912453992,WALKING,True
1681912656348,WALKING,False
1681912656348,STILL,True
1681913069434,STILL,False
1681913069434,WALKING,True
1681914614197,WALKING,False
1681914614197,STILL,True
1681915054081,STILL,False
1681915054081,WALKING,True
1681916061457,WALKING,False
1681916061457,STILL,True
1681916192355,STILL,False
1681916192355,WALKING,True
1681916257732,WALKING,False
1681916257732,STILL,True
1681916393502,STILL,False
1681916393502,WALKING,True
1681916418665,WALKING,False
1681916418665,STILL,True
1681944255966,STILL,False
1681944255966,IN_VEHICLE,True
1681947858644,IN_VEHICLE,False
1681947858644,STILL,True
1681947896027,STILL,False
1681947896027,IN_VEHICLE,True
1681702717252,STILL,False
1681702717252,WALKING,True
1681704435817,WALKING,False
1681704435817,STILL,True
1681705603306,STILL,False
1681705603306,WALKING,True
1681706890457,WALKING,False
1681706890457,STILL,True
1681707879251,STILL,False
1681707879251,WALKING,True
1681709043728,WALKING,False
1681709043728,STILL,True
1681711245215,STILL,False
1681711245215,WALKING,True
1681711703788,WALKING,False
1681711703788,STILL,True
1681712425382,STILL,False
1681712425382,WALKING,True
1681712510484,WALKING,False
1681712510484,IN_VEHICLE,True
1681713663058,IN_VEHICLE,False
1681713663058,STILL,True
1681719224348,STILL,False
1681719224348,WALKING,True
1681721859224,WALKING,False
1681721859224,STILL,True
1681727519422,STILL,False
1681727519422,WALKING,True
1681727643557,WALKING,False
1681727643557,STILL,True
1681729677290,STILL,False
1681729677290,IN_VEHICLE,True
1681730551969,IN_VEHICLE,False
1681730551969,WALKING,True
1681730603075,WALKING,False
1681730603075,STILL,True
1681732070010,STILL,False
1681732070010,WALKING,True
1681732300906,WALKING,False
1681732300906,STILL,True
1681733356201,STILL,False
1681733356201,IN_VEHICLE,True
1681734487485,IN_VEHICLE,False
1681734487485,STILL,True
1681737279091,STILL,False
1681737279091,WALKING,True
1681737330057,WALKING,False
1681737330057,STILL,True
1681738419981,STILL,False
1681738419981,IN_VEHICLE,True
1681739335799,IN_VEHICLE,False
1681739335799,STILL,True
1681771571454,STILL,False
1681771571454,WALKING,True
1681773159482,WALKING,False
1681773159482,STILL,True
1682730685551,STILL,False
1682730685551,IN_VEHICLE,True
1682730778111,IN_VEHICLE,False
1682730778111,WALKING,True
1682730875773,WALKING,False
1682730875773,STILL,True
1682730907890,STILL,False
1682730907890,IN_VEHICLE,True
1682731670186,IN_VEHICLE,False
1682731670186,WALKING,True
1682732005206,WALKING,False
1682732005206,STILL,True
1682737364256,STILL,False
1682737364256,WALKING,True
1682737539499,WALKING,False
1682737539499,RUNNING,True
1682737574072,RUNNING,False
1682737574072,WALKING,True
1682737678185,WALKING,False
1682737678185,STILL,True
1682738266002,STILL,False
1682738266002,RUNNING,True
1682738395765,RUNNING,False
1682738395765,IN_VEHICLE,True
1682740662298,IN_VEHICLE,False
1682740662298,WALKING,True
1682740908985,WALKING,False
1682740908985,STILL,True
1682741393735,STILL,False
1682741393735,IN_VEHICLE,True
1682741945939,IN_VEHICLE,False
1682741945939,STILL,True
1682746413805,STILL,False
1682746413805,WALKING,True
1682746577407,WALKING,False
1682746577407,IN_VEHICLE,True
1682747543198,IN_VEHICLE,False
1682747543198,WALKING,True
1682748234613,WALKING,False
1682748234613,STILL,True
1682749419904,STILL,False
1682749419904,IN_VEHICLE,True
1682749554660,IN_VEHICLE,False
1682749554660,WALKING,True
1682749605617,WALKING,False
1682749605617,STILL,True
1682752224905,STILL,False
1682752224905,WALKING,True
1682752309913,WALKING,False
1682752309913,IN_VEHICLE,True
1682753093067,IN_VEHICLE,False
1682753093067,WALKING,True
1682753178212,WALKING,False
1682753178212,STILL,True
1682753231887,STILL,False
1682753231887,WALKING,True
1682753484829,WALKING,False
1682753484829,IN_VEHICLE,True
1682754408816,IN_VEHICLE,False
1682754408816,STILL,True
1682756201914,STILL,False
1682756201914,WALKING,True
1682757126268,WALKING,False
1682757126268,ON_BICYCLE,True
1682757212849,ON_BICYCLE,False
1682757212849,WALKING,True
1682757581524,WALKING,False
1682757581524,STILL,True
1682757770025,STILL,False
1682757770025,IN_VEHICLE,True
1682757787039,IN_VEHICLE,False
1682757787039,IN_VEHICLE,True
1682757821097,IN_VEHICLE,False
1682757821097,IN_VEHICLE,True
1682757885019,IN_VEHICLE,False
1682757885019,IN_VEHICLE,True
1682758118919,IN_VEHICLE,False
1682758118919,IN_VEHICLE,True
1682758220999,IN_VEHICLE,False
1682758220999,IN_VEHICLE,True
1682758335894,IN_VEHICLE,False
1682758335894,IN_VEHICLE,True
1682758451368,IN_VEHICLE,False
1682758451368,IN_VEHICLE,True
1682759512716,IN_VEHICLE,False
1682759512716,STILL,True
1682768709789,STILL,False
1682768709789,WALKING,True
1682769005595,WALKING,False
1682769005595,RUNNING,True
1682769039567,RUNNING,False
1682769039567,WALKING,True
1682769158206,WALKING,False
1682769158206,RUNNING,True
1682769226880,RUNNING,False
1682769226880,WALKING,True
1682771206716,WALKING,False
1682771206716,STILL,True
1682771757661,STILL,False
1682771757661,IN_VEHICLE,True
1682772361776,IN_VEHICLE,False
1682772361776,STILL,True
1682776599652,STILL,False
1682776599652,WALKING,True
1682776705691,WALKING,False
1682776705691,STILL,True
1682778563128,STILL,False
1682778563128,WALKING,True
1682778819689,WALKING,False
1682778819689,STILL,True
1682778930629,STILL,False
1682778930629,WALKING,True
1682779264695,WALKING,False
1682779264695,STILL,True
1682779457588,STILL,False
1682779457588,IN_VEHICLE,True
1682782083569,IN_VEHICLE,False
1682782083569,STILL,True
1682783990630,STILL,False
1682783990630,WALKING,True
1682785581685,WALKING,False
1682785581685,IN_VEHICLE,True
1682786127514,IN_VEHICLE,False
1682786127514,STILL,True
1682795282549,STILL,False
1682795282549,WALKING,True
1682797461517,WALKING,False
1682797461517,STILL,True
1682797519472,STILL,False
1682797519472,WALKING,True
1682798885508,WALKING,False
1682798885508,STILL,True
1682799135506,STILL,False
1682799135506,WALKING,True
1682799275335,WALKING,False
1682799275335,STILL,True
1680402274477,STILL,False
1680402274477,IN_VEHICLE,True
1680404076886,IN_VEHICLE,False
1680404076886,WALKING,True
1680404428546,WALKING,False
1680404428546,STILL,True
1680404465394,STILL,False
1680404465394,IN_VEHICLE,True
1680405745729,IN_VEHICLE,False
1680405745729,WALKING,True
1680407178100,WALKING,False
1680407178100,STILL,True
1680407652428,STILL,False
1680407652428,IN_VEHICLE,True
1680411207799,IN_VEHICLE,False
1680411207799,STILL,True
1680414052108,STILL,False
1680414052108,WALKING,True
1680415034962,WALKING,False
1680415034962,STILL,True
1680415103368,STILL,False
1680415103368,IN_VEHICLE,True
1680415308343,IN_VEHICLE,False
1680415308343,WALKING,True
1680415879314,WALKING,False
1680415879314,IN_VEHICLE,True
1680419819210,IN_VEHICLE,False
1680419819210,STILL,True
1680420718956,STILL,False
1680420718956,WALKING,True
1680421961719,WALKING,False
1680421961719,STILL,True
1680422188679,STILL,False
1680422188679,WALKING,True
1680424953899,WALKING,False
1680424953899,IN_VEHICLE,True
1680426028858,IN_VEHICLE,False
1680426028858,WALKING,True
1680429245999,WALKING,False
1680429245999,STILL,True
1680429807561,STILL,False
1680429807561,IN_VEHICLE,True
1680431913208,IN_VEHICLE,False
1680431913208,WALKING,True
1680433147290,WALKING,False
1680433147290,STILL,True
1680435631892,STILL,False
1680435631892,WALKING,True
1680436362195,WALKING,False
1680436362195,STILL,True
1680436827087,STILL,False
1680436827087,WALKING,True
1680437196595,WALKING,False
1680437196595,STILL,True
1680437416579,STILL,False
1680437416579,IN_VEHICLE,True
1680439631506,IN_VEHICLE,False
1680439631506,STILL,True
1680477657199,STILL,False
1680477657199,IN_VEHICLE,True
1680479455083,IN_VEHICLE,False
1680479455083,STILL,True
1680744114844,WALKING,False
1680744114844,STILL,True
1680758350288,STILL,False
1680758350288,WALKING,True
1680758409309,WALKING,False
1680758409309,ON_BICYCLE,True
1680758842477,ON_BICYCLE,False
1680758842477,STILL,True
1680758881994,STILL,False
1680758881994,IN_VEHICLE,True
1680760048045,IN_VEHICLE,False
1680760048045,STILL,True
1680763695622,STILL,False
1680763695622,WALKING,True
1680764031933,WALKING,False
1680764031933,STILL,True
1680767063625,STILL,False
1680767063625,IN_VEHICLE,True
1680769133154,IN_VEHICLE,False
1680769133154,WALKING,True
1680769901135,WALKING,False
1680769901135,IN_VEHICLE,True
1680771138960,IN_VEHICLE,False
1680771138960,STILL,True
1680775367290,STILL,False
1680775367290,IN_VEHICLE,True
1680776837884,IN_VEHICLE,False
1680776837884,WALKING,True
1680778490877,WALKING,False
1680778490877,IN_VEHICLE,True
1680780283477,IN_VEHICLE,False
1680780283477,STILL,True
1680824889869,STILL,False
1680824889869,IN_VEHICLE,True
1680228265271,STILL,False
1680228265271,WALKING,True
1680228420888,WALKING,False
1680228420888,IN_VEHICLE,True
1680230280837,IN_VEHICLE,False
1680230280837,STILL,True
1680231063769,STILL,False
1680231063769,WALKING,True
1680231307614,WALKING,False
1680231307614,STILL,True
1680232064581,STILL,False
1680232064581,WALKING,True
1680234877675,WALKING,False
1680234877675,STILL,True
1680235269183,STILL,False
1680235269183,IN_VEHICLE,True
1680236217773,IN_VEHICLE,False
1680236217773,WALKING,True
1680236451877,WALKING,False
1680236451877,IN_VEHICLE,True
1680238028970,IN_VEHICLE,False
1680238028970,WALKING,True
1680238255634,WALKING,False
1680238255634,STILL,True
1680243676267,STILL,False
1680243676267,WALKING,True
1680243783475,WALKING,False
1680243783475,STILL,True
1680243817470,STILL,False
1680243817470,IN_VEHICLE,True
1680244732034,IN_VEHICLE,False
1680244732034,STILL,True
1680246873767,STILL,False
1680246873767,IN_VEHICLE,True
1680248227638,IN_VEHICLE,False
1680248227638,STILL,True
1680313603174,STILL,False
1680313603174,IN_VEHICLE,True
1680321242377,IN_VEHICLE,False
1680321242377,WALKING,True
1680322190879,WALKING,False
1680322190879,STILL,True
1680323919998,STILL,False
1680323919998,WALKING,True
1680324284675,WALKING,False
1680324284675,STILL,True
1680328327914,STILL,False
1680328327914,WALKING,True
1680330248436,WALKING,False
1680330248436,STILL,True
1680338516155,STILL,False
1680338516155,WALKING,True
1680340861544,WALKING,False
1680340861544,STILL,True
1680348850074,STILL,False
1680348850074,IN_VEHICLE,True
1680350007718,IN_VEHICLE,False
1680350007718,ON_BICYCLE,True
1680350056724,ON_BICYCLE,False
1680350056724,STILL,True
1682557270871,STILL,False
1682557270871,WALKING,True
1682557480248,WALKING,False
1682557480248,IN_VEHICLE,True
1682557779865,IN_VEHICLE,False
1682557779865,WALKING,True
1682558016288,WALKING,False
1682558016288,IN_VEHICLE,True
1682558627225,IN_VEHICLE,False
1682558627225,WALKING,True
1682558739030,WALKING,False
1682558739030,STILL,True
1682563846636,STILL,False
1682563846636,WALKING,True
1682564048303,WALKING,False
1682564048303,IN_VEHICLE,True
1682564835086,IN_VEHICLE,False
1682564835086,STILL,True
1682567551380,STILL,False
1682567551380,WALKING,True
1682567921593,WALKING,False
1682567921593,STILL,True
1682568019390,STILL,False
1682568019390,WALKING,True
1682568107946,WALKING,False
1682568107946,STILL,True
1682571604771,STILL,False
1682571604771,WALKING,True
1682571771701,WALKING,False
1682571771701,IN_VEHICLE,True
1682572005601,IN_VEHICLE,False
1682572005601,WALKING,True
1682572372463,WALKING,False
1682572372463,STILL,True
1682578016684,STILL,False
1682578016684,WALKING,True
1682578278439,WALKING,False
1682578278439,IN_VEHICLE,True
1682578659005,IN_VEHICLE,False
1682578659005,WALKING,True
1682579149706,WALKING,False
1682579149706,STILL,True
1682579200823,STILL,False
1682579200823,WALKING,True
1682579400534,WALKING,False
1682579400534,IN_VEHICLE,True
1682580089270,IN_VEHICLE,False
1682580089270,STILL,True
1682580396990,STILL,False
1682580396990,WALKING,True
1682580536002,WALKING,False
1682580536002,STILL,True
1682580703056,STILL,False
1682580703056,WALKING,True
1682580885060,WALKING,False
1682580885060,IN_VEHICLE,True
1682581119015,IN_VEHICLE,False
1682581119015,WALKING,True
1682581431048,WALKING,False
1682581431048,STILL,True
1682581481902,STILL,False
1682581481902,WALKING,True
1682581639064,WALKING,False
1682581639064,STILL,True
1682581689971,STILL,False
1682581689971,IN_VEHICLE,True
1682582275858,IN_VEHICLE,False
1682582275858,WALKING,True
1682582361146,WALKING,False
1682582361146,STILL,True
1682583207299,STILL,False
1682583207299,WALKING,True
1682583399153,WALKING,False
1682583399153,STILL,True
1682588362910,STILL,False
1682588362910,WALKING,True
1682588484715,WALKING,False
1682588484715,STILL,True
1682588837139,STILL,False
1682588837139,WALKING,True
1682589170011,WALKING,False
1682589170011,IN_VEHICLE,True
1682589323190,IN_VEHICLE,False
1682589323190,WALKING,True
1682589455938,WALKING,False
1682589455938,STILL,True
1682589589633,STILL,False
1682589589633,WALKING,True
1682590045193,WALKING,False
1682590045193,STILL,True
1682591631505,STILL,False
1682591631505,WALKING,True
1682592477913,WALKING,False
1682592477913,STILL,True
1682592883882,STILL,False
1682592883882,WALKING,True
1682593097341,WALKING,False
1682593097341,STILL,True
1682593309970,STILL,False
1682593309970,WALKING,True
1682593727923,WALKING,False
1682593727923,STILL,True
1682593916954,STILL,False
1682593916954,ON_BICYCLE,True
1682593951177,ON_BICYCLE,False
1682593951177,RUNNING,True
1682594223689,RUNNING,False
1682594223689,STILL,True
1682594276359,STILL,False
1682594276359,WALKING,True
1682594657451,WALKING,False
1682594657451,STILL,True
1682596473530,STILL,False
1682596473530,WALKING,True
1682596566878,WALKING,False
1682596566878,STILL,True
1682596854426,STILL,False
1682596854426,WALKING,True
1682597170161,WALKING,False
1682597170161,IN_VEHICLE,True
1682597500801,IN_VEHICLE,False
1682597500801,IN_VEHICLE,True
1682597535799,IN_VEHICLE,False
1682597535799,IN_VEHICLE,True
1682597852215,IN_VEHICLE,False
1682597852215,IN_VEHICLE,True
1682597869183,IN_VEHICLE,False
1682597869183,IN_VEHICLE,True
1682597998845,IN_VEHICLE,False
1682597998845,IN_VEHICLE,True
1682598979209,IN_VEHICLE,False
1682598979209,STILL,True
1682637936464,STILL,False
1682637936464,WALKING,True
1682638045952,WALKING,False
1682638045952,IN_VEHICLE,True
1682639429457,IN_VEHICLE,False
1682639429457,WALKING,True
1682639693932,WALKING,False
1682639693932,STILL,True
1680487488043,STILL,False
1680487488043,WALKING,True
1680487615539,WALKING,False
1680487615539,STILL,True
1680488028120,STILL,False
1680488028120,WALKING,True
1680488211004,WALKING,False
1680488211004,STILL,True
1680490328118,STILL,False
1680490328118,RUNNING,True
1680490382571,RUNNING,False
1680490382571,WALKING,True
1680492873064,WALKING,False
1680492873064,STILL,True
1680494840116,STILL,False
1680494840116,WALKING,True
1680495113157,WALKING,False
1680495113157,STILL,True
1680501424510,STILL,False
1680501424510,IN_VEHICLE,True
1680502911851,IN_VEHICLE,False
1680502911851,STILL,True
1680503690906,STILL,False
1680503690906,WALKING,True
1680504924521,WALKING,False
1680504924521,STILL,True
1680505301956,STILL,False
1680505301956,WALKING,True
1680505968401,WALKING,False
1680505968401,STILL,True
1680506990606,STILL,False
1680506990606,WALKING,True
1680507199955,WALKING,False
1680507199955,STILL,True
1680512117065,STILL,False
1680512117065,WALKING,True
1680512668813,WALKING,False
1680512668813,STILL,True
1680513830302,STILL,False
1680513830302,WALKING,True
1680514003798,WALKING,False
1680514003798,STILL,True
1680514549693,STILL,False
1680514549693,WALKING,True
1680514893728,WALKING,False
1680514893728,STILL,True
1680516487188,STILL,False
1680516487188,WALKING,True
1680516961802,WALKING,False
1680516961802,IN_VEHICLE,True
1680517897464,IN_VEHICLE,False
1680517897464,STILL,True
1680519916949,STILL,False
1680519916949,WALKING,True
1680520178420,WALKING,False
1680520178420,STILL,True
1680524683795,STILL,False
1680524683795,WALKING,True
1680524869177,WALKING,False
1680524869177,STILL,True
1680528114732,STILL,False
1680528114732,WALKING,True
1680529791803,WALKING,False
1680529791803,STILL,True
1680564198671,STILL,False
1680564198671,IN_VEHICLE,True
1680565497597,IN_VEHICLE,False
1680565497597,WALKING,True
1682210644099,STILL,False
1682210644099,IN_VEHICLE,True
1682211323846,IN_VEHICLE,False
1682211323846,STILL,True
1682212725923,STILL,False
1682212725923,WALKING,True
1682214055127,WALKING,False
1682214055127,STILL,True
1682214089184,STILL,False
1682214089184,WALKING,True
1682214901836,WALKING,False
1682214901836,STILL,True
1682214982137,STILL,False
1682214982137,WALKING,True
1682215082856,WALKING,False
1682215082856,RUNNING,True
1682215092122,RUNNING,False
1682215092122,WALKING,True
1682215102365,WALKING,False
1682215102365,RUNNING,True
1682215112811,RUNNING,False
1682215112811,WALKING,True
1682215132619,WALKING,False
1682215132619,RUNNING,True
1682215171086,RUNNING,False
1682215171086,WALKING,True
1682216548782,WALKING,False
1682216548782,IN_VEHICLE,True
1682217432696,IN_VEHICLE,False
1682217432696,WALKING,True
1682217502322,WALKING,False
1682217502322,STILL,True
1682218000248,STILL,False
1682218000248,IN_VEHICLE,True
1682219077320,IN_VEHICLE,False
1682219077320,STILL,True
1682224760410,STILL,False
1682224760410,WALKING,True
1682225010282,WALKING,False
1682225010282,IN_VEHICLE,True
1682225961454,IN_VEHICLE,False
1682225961454,WALKING,True
1682226221307,WALKING,False
1682226221307,STILL,True
1682226369246,STILL,False
1682226369246,WALKING,True
1682226644955,WALKING,False
1682226644955,STILL,True
1682227544114,STILL,False
1682227544114,IN_VEHICLE,True
1682228041913,IN_VEHICLE,False
1682228041913,STILL,True
1682229690298,STILL,False
1682229690298,WALKING,True
1682229847008,WALKING,False
1682229847008,STILL,True
1682231219774,STILL,False
1682231219774,ON_BICYCLE,True
1682231338667,ON_BICYCLE,False
1682231338667,STILL,True
1682231389780,STILL,False
1682231389780,ON_BICYCLE,True
1682231470634,ON_BICYCLE,False
1682231470634,STILL,True
1682231768461,STILL,False
1682231768461,WALKING,True
1682231836498,WALKING,False
1682231836498,STILL,True
1682233288190,STILL,False
1682233288190,WALKING,True
1682233427043,WALKING,False
1682233427043,STILL,True
1682235407839,STILL,False
1682235407839,WALKING,True
1682235615365,WALKING,False
1682235615365,STILL,True
1682235734384,STILL,False
1682235734384,IN_VEHICLE,True
1682236548141,IN_VEHICLE,False
1682236548141,STILL,True
1682237309395,STILL,False
1682237309395,WALKING,True
1682237760068,WALKING,False
1682237760068,STILL,True
1682237890722,STILL,False
1682237890722,WALKING,True
1682237992984,WALKING,False
1682237992984,STILL,True
1682241200848,STILL,False
1682241200848,WALKING,True
1682241424804,WALKING,False
1682241424804,STILL,True
1682241607983,STILL,False
1682241607983,WALKING,True
1682241659039,WALKING,False
1682241659039,STILL,True
1682243529132,STILL,False
1682243529132,WALKING,True
1682243631057,WALKING,False
1682243631057,IN_VEHICLE,True
1682244647324,IN_VEHICLE,False
1682244647324,STILL,True
1682247713267,STILL,False
1682247713267,WALKING,True
1682247781031,WALKING,False
1682247781031,IN_VEHICLE,True
1682248091636,IN_VEHICLE,False
1682248091636,RUNNING,True
1682248330776,RUNNING,False
1682248330776,STILL,True
1682248683711,STILL,False
1682248683711,RUNNING,True
1682248717851,RUNNING,False
1682248717851,WALKING,True
1682248909122,WALKING,False
1682248909122,RUNNING,True
1682249086427,RUNNING,False
1682249086427,WALKING,True
1682249810936,WALKING,False
1682249810936,STILL,True
1682250240671,STILL,False
1682250240671,WALKING,True
1682250525785,WALKING,False
1682250525785,RUNNING,True
1682250559797,RUNNING,False
1682250559797,STILL,True
1682250606466,STILL,False
1682250606466,WALKING,True
1682250806352,WALKING,False
1682250806352,STILL,True
1682250874599,STILL,False
1682250874599,WALKING,True
1682251324941,WALKING,False
1682251324941,STILL,True
1682251406114,STILL,False
1682251406114,WALKING,True
1682251522057,WALKING,False
1682251522057,IN_VEHICLE,True
1682252270883,IN_VEHICLE,False
1682252270883,WALKING,True
1682252338964,WALKING,False
1682252338964,STILL,True
1682256160548,STILL,False
1682256160548,WALKING,True
1682256871013,WALKING,False
1682256871013,STILL,True
1682291486736,STILL,False
1682291486736,WALKING,True
1682291673916,WALKING,False
1682291673916,IN_VEHICLE,True
1682293410144,IN_VEHICLE,False
1682293410144,WALKING,True
1682293674201,WALKING,False
1682293674201,STILL,True
1682294137995,STILL,False
1682294137995,WALKING,True
1682294172012,WALKING,False
1682294172012,STILL,True
1681262273485,STILL,False
1681262273485,WALKING,True
1681262607299,WALKING,False
1681262607299,STILL,True
1681264178815,STILL,False
1681264178815,IN_VEHICLE,True
1681264533085,IN_VEHICLE,False
1681264533085,WALKING,True
1681264584988,WALKING,False
1681264584988,STILL,True
1681264801817,STILL,False
1681264801817,IN_VEHICLE,True
1681265367577,IN_VEHICLE,False
1681265367577,STILL,True
1681267378722,STILL,False
1681267378722,WALKING,True
1681267500870,WALKING,False
1681267500870,STILL,True
1681270015769,STILL,False
1681270015769,WALKING,True
1681270159917,WALKING,False
1681270159917,STILL,True
1681271098280,STILL,False
1681271098280,IN_VEHICLE,True
1681271378915,IN_VEHICLE,False
1681271378915,WALKING,True
1681271447009,WALKING,False
1681271447009,STILL,True
1681277660074,STILL,False
1681277660074,WALKING,True
1681277775995,WALKING,False
1681277775995,IN_VEHICLE,True
1681278435035,IN_VEHICLE,False
1681278435035,WALKING,True
1681278789246,WALKING,False
1681278789246,STILL,True
1681278823283,STILL,False
1681278823283,WALKING,True
1681278857382,WALKING,False
1681278857382,STILL,True
1681278968162,STILL,False
1681278968162,WALKING,True
1681279185116,WALKING,False
1681279185116,STILL,True
1681285602246,STILL,False
1681285602246,WALKING,True
1681285751033,WALKING,False
1681285751033,STILL,True
1681285819108,STILL,False
1681285819108,WALKING,True
1681286079679,WALKING,False
1681286079679,STILL,True
1681286177681,STILL,False
1681286177681,IN_VEHICLE,True
1681287022578,IN_VEHICLE,False
1681287022578,WALKING,True
1681287318231,WALKING,False
1681287318231,STILL,True
1681289166174,STILL,False
1681289166174,WALKING,True
1681289318699,WALKING,False
1681289318699,IN_VEHICLE,True
1681291196468,IN_VEHICLE,False
1681291196468,STILL,True
1681299790143,STILL,False
1681299790143,WALKING,True
1681300110008,WALKING,False
1681300110008,IN_VEHICLE,True
1681301383353,IN_VEHICLE,False
1681301383353,WALKING,True
1681301559001,WALKING,False
1681301559001,STILL,True
1681301610041,STILL,False
1681301610041,WALKING,True
1681301792795,WALKING,False
1681301792795,STILL,True
1681303923210,STILL,False
1681303923210,WALKING,True
1681304193088,WALKING,False
1681304193088,STILL,True
1681305806594,STILL,False
1681305806594,WALKING,True
1681305877593,WALKING,False
1681305877593,STILL,True
1681306132200,STILL,False
1681306132200,WALKING,True
1681306281426,WALKING,False
1681306281426,STILL,True
1681311870997,STILL,False
1681311870997,WALKING,True
1681311963427,WALKING,False
1681311963427,STILL,True
1681312906047,STILL,False
1681312906047,WALKING,True
1681313027084,WALKING,False
1681313027084,IN_VEHICLE,True
1681313898552,IN_VEHICLE,False
1681313898552,WALKING,True
1681313966628,WALKING,False
1681313966628,STILL,True
1681316681906,STILL,False
1681316681906,IN_VEHICLE,True
1681317596467,IN_VEHICLE,False
1681317596467,STILL,True
1680917021412,STILL,False
1680917021412,WALKING,True
1680917671305,WALKING,False
1680917671305,IN_VEHICLE,True
1680918976432,IN_VEHICLE,False
1680918976432,WALKING,True
1680919396240,WALKING,False
1680919396240,STILL,True
1680923345968,STILL,False
1680923345968,IN_VEHICLE,True
1680924319735,IN_VEHICLE,False
1680924319735,WALKING,True
1680924764923,WALKING,False
1680924764923,STILL,True
1680926194879,STILL,False
1680926194879,IN_VEHICLE,True
1680928431829,IN_VEHICLE,False
1680928431829,WALKING,True
1680929103192,WALKING,False
1680929103192,STILL,True
1680930048536,STILL,False
1680930048536,WALKING,True
1680930300518,WALKING,False
1680930300518,IN_VEHICLE,True
1680932122862,IN_VEHICLE,False
1680932122862,STILL,True
1680946644831,STILL,False
1680946644831,IN_VEHICLE,True
1680947159594,IN_VEHICLE,False
1680947159594,STILL,True
1680952612561,STILL,False
1680952612561,WALKING,True
1680952637069,WALKING,False
1680952637069,STILL,True
1680952762124,STILL,False
1680952762124,WALKING,True
1680953237553,WALKING,False
1680953237553,STILL,True
1681520803234,STILL,False
1681520803234,IN_VEHICLE,True
1681521849264,IN_VEHICLE,False
1681521849264,WALKING,True
1681522223058,WALKING,False
1681522223058,STILL,True
1681527989037,STILL,False
1681527989037,WALKING,True
1681528657455,WALKING,False
1681528657455,STILL,True
1681529131185,STILL,False
1681529131185,IN_VEHICLE,True
1681531119929,IN_VEHICLE,False
1681531119929,WALKING,True
1681531381968,WALKING,False
1681531381968,STILL,True
1681531847911,STILL,False
1681531847911,IN_VEHICLE,True
1681532419856,IN_VEHICLE,False
1681532419856,STILL,True
1681537244855,STILL,False
1681537244855,IN_VEHICLE,True
1681538346330,IN_VEHICLE,False
1681538346330,WALKING,True
1681538634151,WALKING,False
1681538634151,STILL,True
1681545332236,STILL,False
1681545332236,IN_VEHICLE,True
1681546112006,IN_VEHICLE,False
1681546112006,WALKING,True
1681546443074,WALKING,False
1681546443074,STILL,True
1681546477056,STILL,False
1681546477056,WALKING,True
1681546630335,WALKING,False
1681546630335,STILL,True
1681549282341,STILL,False
1681549282341,IN_VEHICLE,True
1681549809223,IN_VEHICLE,False
1681549809223,WALKING,True
1681550055991,WALKING,False
1681550055991,STILL,True
1681560488117,STILL,False
1681560488117,WALKING,True
1681560627744,WALKING,False
1681560627744,STILL,True
1681561318491,STILL,False
1681561318491,WALKING,True
1681561404661,WALKING,False
1681561404661,STILL,True
1681565055612,STILL,False
1681565055612,IN_VEHICLE,True
1681565143623,IN_VEHICLE,False
1681565143623,WALKING,True
1681565768624,WALKING,False
1681565768624,STILL,True
1681565878671,STILL,False
1681565878671,WALKING,True
1681566008853,WALKING,False
1681566008853,STILL,True
1681566127880,STILL,False
1681566127880,WALKING,True
1681566328122,WALKING,False
1681566328122,STILL,True
1681566633905,STILL,False
1681566633905,WALKING,True
1681566685061,WALKING,False
1681566685061,STILL,True
1681568614250,STILL,False
1681568614250,WALKING,True
1681568865410,WALKING,False
1681568865410,STILL,True
1681576044531,STILL,False
1681576044531,WALKING,True
1681576183305,WALKING,False
1681576183305,STILL,True
1681580380281,STILL,False
1681580380281,IN_VEHICLE,True
1681581017616,IN_VEHICLE,False
1681581017616,WALKING,True
1681581122479,WALKING,False
1681581122479,STILL,True
1679531801510,IN_VEHICLE,False
1679531801510,STILL,True
1679534239831,STILL,False
1679534239831,WALKING,True
1679540377126,WALKING,False
1679540377126,STILL,True
1679543026033,STILL,False
1679543026033,WALKING,True
1679543727382,WALKING,False
1679543727382,STILL,True
1679548945096,STILL,False
1679548945096,WALKING,True
1679549556749,WALKING,False
1679549556749,STILL,True
1679553901413,STILL,False
1679553901413,WALKING,True
1679554349886,WALKING,False
1679554349886,IN_VEHICLE,True
1679554963592,IN_VEHICLE,False
1679554963592,WALKING,True
1679555030368,WALKING,False
1679555030368,STILL,True
1679558662462,STILL,False
1679558662462,WALKING,True
1679559387309,WALKING,False
1679559387309,STILL,True
1679613499822,STILL,False
1679613499822,WALKING,True
1679613680046,WALKING,False
1679613680046,IN_VEHICLE,True
1679615310506,IN_VEHICLE,False
1679615310506,STILL,True
1679615344401,STILL,False
1679615344401,IN_VEHICLE,True
1681613724682,STILL,False
1681613724682,IN_VEHICLE,True
1681613741766,IN_VEHICLE,False
1681613741766,IN_VEHICLE,True
1681614731970,IN_VEHICLE,False
1681614731970,WALKING,True
1681615241136,WALKING,False
1681615241136,STILL,True
1681617927438,STILL,False
1681617927438,WALKING,True
1681618106229,WALKING,False
1681618106229,STILL,True
1681621662970,STILL,False
1681621662970,WALKING,True
1681621824649,WALKING,False
1681621824649,STILL,True
1681627388515,STILL,False
1681627388515,IN_VEHICLE,True
1681627735055,IN_VEHICLE,False
1681627735055,WALKING,True
1681628987084,WALKING,False
1681628987084,STILL,True
1681629097188,STILL,False
1681629097188,WALKING,True
1681629523763,WALKING,False
1681629523763,STILL,True
1681629554496,STILL,False
1681629554496,IN_VEHICLE,True
1681629852200,IN_VEHICLE,False
1681629852200,WALKING,True
1681630711820,WALKING,False
1681630711820,STILL,True
1681630894797,STILL,False
1681630894797,IN_VEHICLE,True
1681631182774,IN_VEHICLE,False
1681631182774,IN_VEHICLE,True
1681632111813,IN_VEHICLE,False
1681632111813,STILL,True
1681633549413,STILL,False
1681633549413,WALKING,True
1681633600983,WALKING,False
1681633600983,STILL,True
1681650954909,STILL,False
1681650954909,IN_VEHICLE,True
1681652954840,IN_VEHICLE,False
1681652954840,STILL,True
1681656041926,STILL,False
1681656041926,WALKING,True
1681656249715,WALKING,False
1681656249715,IN_VEHICLE,True
1681657952213,IN_VEHICLE,False
1681657952213,STILL,True
1681089758056,STILL,False
1681089758056,IN_VEHICLE,True
1681090823365,IN_VEHICLE,False
1681090823365,WALKING,True
1681091333792,WALKING,False
1681091333792,STILL,True
1681091850454,STILL,False
1681091850454,WALKING,True
1681091980156,WALKING,False
1681091980156,STILL,True
1681094087580,STILL,False
1681094087580,IN_VEHICLE,True
1681095042687,IN_VEHICLE,False
1681095042687,STILL,True
1681099462393,STILL,False
1681099462393,WALKING,True
1681099692633,WALKING,False
1681099692633,STILL,True
1681099732823,STILL,False
1681099732823,WALKING,True
1681099898673,WALKING,False
1681099898673,STILL,True
1681102770224,STILL,False
1681102770224,WALKING,True
1681103004634,WALKING,False
1681103004634,STILL,True
1681103793702,STILL,False
1681103793702,WALKING,True
1681104235631,WALKING,False
1681104235631,STILL,True
1681104380379,STILL,False
1681104380379,IN_VEHICLE,True
1681104681357,IN_VEHICLE,False
1681104681357,WALKING,True
1681106378604,WALKING,False
1681106378604,ON_BICYCLE,True
1681106412628,ON_BICYCLE,False
1681106412628,WALKING,True
1681106664114,WALKING,False
1681106664114,STILL,True
1681107302550,STILL,False
1681107302550,WALKING,True
1681107765615,WALKING,False
1681107765615,STILL,True
1681108027422,STILL,False
1681108027422,WALKING,True
1681108180534,WALKING,False
1681108180534,STILL,True
1681108414566,STILL,False
1681108414566,IN_VEHICLE,True
1681108912279,IN_VEHICLE,False
1681108912279,STILL,True
1681114296557,STILL,False
1681114296557,ON_BICYCLE,True
1681114462660,ON_BICYCLE,False
1681114462660,STILL,True
1681114846544,STILL,False
1681114846544,WALKING,True
1681114897708,WALKING,False
1681114897708,STILL,True
1681118502332,STILL,False
1681118502332,WALKING,True
1681118873736,WALKING,False
1681118873736,STILL,True
1681118941849,STILL,False
1681118941849,IN_VEHICLE,True
1681120095534,IN_VEHICLE,False
1681120095534,WALKING,True
1681120261868,WALKING,False
1681120261868,STILL,True
1681122339593,STILL,False
1681122339593,IN_VEHICLE,True
1681123330972,IN_VEHICLE,False
1681123330972,WALKING,True
1681123503487,WALKING,False
1681123503487,STILL,True
1681123557003,STILL,False
1681123557003,WALKING,True
1681123710627,WALKING,False
1681123710627,STILL,True
1681124321854,STILL,False
1681124321854,WALKING,True
1681124390009,WALKING,False
1681124390009,STILL,True
1681127781329,STILL,False
1681127781329,WALKING,True
1681127883468,WALKING,False
1681127883468,IN_VEHICLE,True
1681128844015,IN_VEHICLE,False
1681128844015,WALKING,True
1681128894456,WALKING,False
1681128894456,STILL,True
1681129430321,STILL,False
1681129430321,ON_BICYCLE,True
1681129630288,ON_BICYCLE,False
1681129630288,STILL,True
1681169086407,STILL,False
1681169086407,IN_VEHICLE,True
1681170935691,IN_VEHICLE,False
1681170935691,WALKING,True
1681171021985,WALKING,False
1681171021985,STILL,True
1683076575570,STILL,False
1683076575570,WALKING,True
1683077071266,WALKING,False
1683077071266,STILL,True
1683077975498,STILL,False
1683077975498,IN_VEHICLE,True
1683078043510,IN_VEHICLE,False
1683078043510,WALKING,True
1683078281492,WALKING,False
1683078281492,STILL,True
1683078600785,STILL,False
1683078600785,WALKING,True
1683078652018,WALKING,False
1683078652018,STILL,True
1683080059922,STILL,False
1683080059922,WALKING,True
1683080337749,WALKING,False
1683080337749,STILL,True
1683080422423,STILL,False
1683080422423,WALKING,True
1683080507306,WALKING,False
1683080507306,STILL,True
1683082031414,STILL,False
1683082031414,WALKING,True
1683082567394,WALKING,False
1683082567394,STILL,True
1683084175350,STILL,False
1683084175350,WALKING,True
1683084488711,WALKING,False
1683084488711,STILL,True
1683084590738,STILL,False
1683084590738,WALKING,True
1683084843575,WALKING,False
1683084843575,STILL,True
1683084956631,STILL,False
1683084956631,WALKING,True
1683085024926,WALKING,False
1683085024926,STILL,True
1683091072455,STILL,False
1683091072455,WALKING,True
1683091303881,WALKING,False
1683091303881,STILL,True
1683093101009,STILL,False
1683093101009,WALKING,True
1683093421932,WALKING,False
1683093421932,STILL,True
1683093619703,STILL,False
1683093619703,WALKING,True
1683093689063,WALKING,False
1683093689063,STILL,True
1683100311551,STILL,False
1683100311551,WALKING,True
1683100503466,WALKING,False
1683100503466,STILL,True
1683100938476,STILL,False
1683100938476,WALKING,True
1683101402855,WALKING,False
1683101402855,STILL,True
1683106532072,STILL,False
1683106532072,WALKING,True
1683106717832,WALKING,False
1683106717832,IN_VEHICLE,True
1683108047767,IN_VEHICLE,False
1683108047767,WALKING,True
1683108176919,WALKING,False
1683108176919,STILL,True
1683108212066,STILL,False
1683108212066,WALKING,True
1683108411316,WALKING,False
1683108411316,STILL,True
1683113865860,STILL,False
1683113865860,WALKING,True
1683114176302,WALKING,False
1683114176302,IN_VEHICLE,True
1683115565105,IN_VEHICLE,False
1683115565105,WALKING,True
1683116027755,WALKING,False
1683116027755,RUNNING,True
1683116133954,RUNNING,False
1683116133954,STILL,True
1683116837455,STILL,False
1683116837455,IN_VEHICLE,True
1683117119832,IN_VEHICLE,False
1683117119832,WALKING,True
1683117349854,WALKING,False
1683117349854,IN_VEHICLE,True
1683118064578,IN_VEHICLE,False
1683118064578,STILL,True
1683122651764,STILL,False
1683122651764,WALKING,True
1683122802827,WALKING,False
1683122802827,STILL,True
1683123083813,STILL,False
1683123083813,WALKING,True
1683123601520,WALKING,False
1683123601520,STILL,True
1683123731730,STILL,False
1683123731730,WALKING,True
1683123988660,WALKING,False
1683123988660,STILL,True
1683124283622,STILL,False
1683124283622,WALKING,True
1683124449919,WALKING,False
1683124449919,IN_VEHICLE,True
1683125366438,IN_VEHICLE,False
1683125366438,STILL,True
1683129856507,STILL,False
1683129856507,WALKING,True
1683130096409,WALKING,False
1683130096409,STILL,True
1683130321559,STILL,False
1683130321559,WALKING,True
1683130781683,WALKING,False
1683130781683,IN_VEHICLE,True
1683131635668,IN_VEHICLE,False
1683131635668,WALKING,True
1683131721727,WALKING,False
1683131721727,STILL,True
1683133123497,STILL,True
1681784508294,STILL,False
1681784508294,WALKING,True
1681784736738,WALKING,False
1681784736738,STILL,True
1681787893896,STILL,False
1681787893896,IN_VEHICLE,True
1681788152659,IN_VEHICLE,False
1681788152659,WALKING,True
1681789964979,WALKING,False
1681789964979,STILL,True
1681799605252,STILL,False
1681799605252,IN_VEHICLE,True
1681801221847,IN_VEHICLE,False
1681801221847,STILL,True
1681815273544,STILL,False
1681815273544,IN_VEHICLE,True
1681815942187,IN_VEHICLE,False
1681815942187,WALKING,True
1681816458109,WALKING,False
1681816458109,STILL,True
1681817061178,STILL,False
1681817061178,IN_VEHICLE,True
1681819655144,IN_VEHICLE,False
1681819655144,WALKING,True
1681820117132,WALKING,False
1681820117132,STILL,True
1681820909237,STILL,False
1681820909237,WALKING,True
1681821119971,WALKING,False
1681821119971,STILL,True
1681822638446,STILL,False
1681822638446,WALKING,True
1681826094561,WALKING,False
1681826094561,STILL,True
1681827310447,STILL,False
1681827310447,WALKING,True
1681827777180,WALKING,False
1681827777180,STILL,True
1681829427452,STILL,False
1681829427452,IN_VEHICLE,True
1681830341976,IN_VEHICLE,False
1681830341976,STILL,True
1681831337529,STILL,False
1681831337529,IN_VEHICLE,True
1681832269052,IN_VEHICLE,False
1681832269052,STILL,True
1681834821687,STILL,False
1681834821687,WALKING,True
1681834987018,WALKING,False
1681834987018,STILL,True
1681841943386,STILL,False
1681841943386,WALKING,True
1681842359214,WALKING,False
1681842359214,IN_VEHICLE,True
1681843039130,IN_VEHICLE,False
1681843039130,WALKING,True
1681843158119,WALKING,False
1681843158119,STILL,True
1680048731213,IN_VEHICLE,False
1680048731213,STILL,True
1680053594569,STILL,False
1680053594569,WALKING,True
1680053828675,WALKING,False
1680053828675,STILL,True
1680054071964,STILL,False
1680054071964,WALKING,True
1680054439884,WALKING,False
1680054439884,STILL,True
1680058558380,STILL,False
1680058558380,WALKING,True
1680059766233,WALKING,False
1680059766233,IN_VEHICLE,True
1680060720668,IN_VEHICLE,False
1680060720668,STILL,True
1680062270478,STILL,False
1680062270478,WALKING,True
1680062521473,WALKING,False
1680062521473,STILL,True
1680067302638,STILL,False
1680067302638,WALKING,True
1680068134656,WALKING,False
1680068134656,STILL,True
1680076254173,STILL,False
1680076254173,WALKING,True
1680077711342,WALKING,False
1680077711342,STILL,True
1680079869987,STILL,False
1680079869987,WALKING,True
1680080256247,WALKING,False
1680080256247,STILL,True
1680084728099,STILL,False
1680084728099,WALKING,True
1680085182938,WALKING,False
1680085182938,STILL,True
1680085199883,STILL,False
1680085199883,WALKING,True
1680085531299,WALKING,False
1680085531299,STILL,True
1680085600258,STILL,False
1680085600258,WALKING,True
1680086986293,WALKING,False
1680086986293,STILL,True
1680088498570,STILL,False
1680088498570,WALKING,True
1680088774696,WALKING,False
1680088774696,STILL,True
1680090692400,STILL,False
1680090692400,WALKING,True
1680094650968,WALKING,False
1680094650968,STILL,True
1680096162463,STILL,False
1680096162463,IN_VEHICLE,True
1680096702088,IN_VEHICLE,False
1680096702088,WALKING,True
1680097114636,WALKING,False
1680097114636,IN_VEHICLE,True
1680098583995,IN_VEHICLE,False
1680098583995,STILL,True
1680099408360,STILL,False
1680099408360,WALKING,True
1680099491146,WALKING,False
1680099491146,STILL,True
1680132374949,STILL,False
1680132374949,IN_VEHICLE,True
1680133357956,IN_VEHICLE,False
1680133357956,WALKING,True
1680134356660,WALKING,False
1680134356660,STILL,True
1679804818157,STILL,False
1679804818157,WALKING,True
1679805214298,WALKING,False
1679805214298,STILL,True
1679815195073,STILL,False
1679815195073,WALKING,True
1679815390731,WALKING,False
1679815390731,STILL,True
1679826415617,STILL,False
1679826415617,IN_VEHICLE,True
1679826925399,IN_VEHICLE,False
1679826925399,WALKING,True
1679828219059,WALKING,False
1679828219059,STILL,True
1679828382758,STILL,False
1679828382758,WALKING,True
1679830064466,WALKING,False
1679830064466,STILL,True
1679835640812,STILL,False
1679835640812,WALKING,True
1679836364487,WALKING,False
1679836364487,STILL,True
1679836701195,STILL,False
1679836701195,IN_VEHICLE,True
1679839888296,IN_VEHICLE,False
1679839888296,STILL,True
1679840071480,STILL,False
1679840071480,WALKING,True
1679840929968,WALKING,False
1679840929968,STILL,True
1679844488450,STILL,False
1679844488450,WALKING,True
1679844853186,WALKING,False
1679844853186,STILL,True
1679844921152,STILL,False
1679844921152,IN_VEHICLE,True
1679845524460,IN_VEHICLE,False
1679845524460,WALKING,True
1679845589050,WALKING,False
1679845589050,STILL,True
1679872830517,STILL,False
1679872830517,WALKING,True
1679872948337,WALKING,False
1679872948337,IN_VEHICLE,True
1679874572118,IN_VEHICLE,False
1679874572118,WALKING,True
1679874742936,WALKING,False
1679874742936,STILL,True
1679874810838,STILL,False
1679874810838,IN_VEHICLE,True
1682899273442,STILL,False
1682899273442,WALKING,True
1682899362722,WALKING,False
1682899362722,IN_VEHICLE,True
1682899475593,IN_VEHICLE,False
1682899475593,IN_VEHICLE,True
1682899527871,IN_VEHICLE,False
1682899527871,IN_VEHICLE,True
1682900381739,IN_VEHICLE,False
1682900381739,WALKING,True
1682900538738,WALKING,False
1682900538738,STILL,True
1682903882133,STILL,False
1682903882133,WALKING,True
1682903988396,WALKING,False
1682903988396,IN_VEHICLE,True
1682904621947,IN_VEHICLE,False
1682904621947,STILL,True
1682906689701,STILL,False
1682906689701,IN_VEHICLE,True
1682906812944,IN_VEHICLE,False
1682906812944,WALKING,True
1682907573387,WALKING,False
1682907573387,STILL,True
1682908838148,STILL,False
1682908838148,WALKING,True
1682909075679,WALKING,False
1682909075679,STILL,True
1682909183568,STILL,False
1682909183568,WALKING,True
1682909201674,WALKING,False
1682909201674,STILL,True
1682909395667,STILL,False
1682909395667,IN_VEHICLE,True
1682909947625,IN_VEHICLE,False
1682909947625,STILL,True
1682911564674,STILL,False
1682911564674,WALKING,True
1682911818671,WALKING,False
1682911818671,IN_VEHICLE,True
1682911874653,IN_VEHICLE,False
1682911874653,WALKING,True
1682912033840,WALKING,False
1682912033840,STILL,True
1682912607695,STILL,False
1682912607695,WALKING,True
1682912920387,WALKING,False
1682912920387,STILL,True
1682918131034,STILL,False
1682918131034,WALKING,True
1682918233170,WALKING,False
1682918233170,IN_VEHICLE,True
1682919491098,IN_VEHICLE,False
1682919491098,WALKING,True
1682920189652,WALKING,False
1682920189652,ON_BICYCLE,True
1682920278538,ON_BICYCLE,False
1682920278538,WALKING,True
1682920373614,WALKING,False
1682920373614,STILL,True
1682920426578,STILL,False
1682920426578,WALKING,True
1682920559539,WALKING,False
1682920559539,IN_VEHICLE,True
1682921265704,IN_VEHICLE,False
1682921265704,WALKING,True
1682921411965,WALKING,False
1682921411965,IN_VEHICLE,True
1682922776157,IN_VEHICLE,False
1682922776157,RUNNING,True
1682922881007,RUNNING,False
1682922881007,STILL,True
1682925501298,STILL,False
1682925501298,WALKING,True
1682925841632,WALKING,False
1682925841632,STILL,True
1682925956607,STILL,False
1682925956607,IN_VEHICLE,True
1682926126608,IN_VEHICLE,False
1682926126608,WALKING,True
1682926756286,WALKING,False
1682926756286,STILL,True
1682928581279,STILL,False
1682928581279,WALKING,True
1682928796375,WALKING,False
1682928796375,STILL,True
1682929013255,STILL,False
1682929013255,IN_VEHICLE,True
1682929077319,IN_VEHICLE,False
1682929077319,WALKING,True
1682929379259,WALKING,False
1682929379259,STILL,True
1682929425945,STILL,False
1682929425945,WALKING,True
1682929511083,WALKING,False
1682929511083,STILL,True
1682929682761,STILL,False
1682929682761,WALKING,True
1682929801699,WALKING,False
1682929801699,STILL,True
1682930983254,STILL,False
1682930983254,WALKING,True
1682931068174,WALKING,False
1682931068174,STILL,True
1682935181815,STILL,False
1682935181815,WALKING,True
1682935362412,WALKING,False
1682935362412,STILL,True
1682942667768,STILL,False
1682942667768,WALKING,True
1682942735888,WALKING,False
1682942735888,STILL,True
1682944413858,STILL,False
1682944413858,WALKING,True
1682944642775,WALKING,False
1682944642775,IN_VEHICLE,True
1682945372254,IN_VEHICLE,False
1682945372254,WALKING,True
1682945442008,WALKING,False
1682945442008,STILL,True
1682947955521,STILL,False
1682947955521,IN_VEHICLE,True
1682949149553,IN_VEHICLE,False
1682949149553,STILL,True
1682950634772,STILL,False
1682950634772,WALKING,True
1682950857029,WALKING,False
1682950857029,STILL,True
1682952834497,STILL,False
1682952834497,IN_VEHICLE,True
1682954629529,IN_VEHICLE,False
1682954629529,STILL,True
1682958857560,STILL,False
1682958857560,WALKING,True
1682958943248,WALKING,False
1682958943248,STILL,True
1682983481275,STILL,False
1682983481275,WALKING,True
1682983539936,WALKING,False
1682983539936,IN_VEHICLE,True
1682985048783,IN_VEHICLE,False
1682985048783,WALKING,True
1682985481872,WALKING,False
1682985481872,STILL,True
1682298100813,STILL,False
1682298100813,WALKING,True
1682298282596,WALKING,False
1682298282596,STILL,True
1682299004060,STILL,False
1682299004060,WALKING,True
1682299212511,WALKING,False
1682299212511,IN_VEHICLE,True
1682299248611,IN_VEHICLE,False
1682299248611,IN_VEHICLE,True
1682299536609,IN_VEHICLE,False
1682299536609,WALKING,True
1682299972547,WALKING,False
1682299972547,STILL,True
1682306515995,STILL,False
1682306515995,WALKING,True
1682306573059,WALKING,False
1682306573059,STILL,True
1682306946316,STILL,False
1682306946316,WALKING,True
1682307259566,WALKING,False
1682307259566,IN_VEHICLE,True
1682307507576,IN_VEHICLE,False
1682307507576,WALKING,True
1682307752588,WALKING,False
1682307752588,IN_VEHICLE,True
1682307805528,IN_VEHICLE,False
1682307805528,IN_VEHICLE,True
1682308396344,IN_VEHICLE,False
1682308396344,WALKING,True
1682308842608,WALKING,False
1682308842608,STILL,True
1682313110866,STILL,False
1682313110866,WALKING,True
1682313377701,WALKING,False
1682313377701,IN_VEHICLE,True
1682315105236,IN_VEHICLE,False
1682315105236,WALKING,True
1682315290918,WALKING,False
1682315290918,IN_VEHICLE,True
1682315649500,IN_VEHICLE,False
1682315649500,WALKING,True
1682316122384,WALKING,False
1682316122384,STILL,True
1682316380502,STILL,False
1682316380502,WALKING,True
1682317013140,WALKING,False
1682317013140,IN_VEHICLE,True
1682318180033,IN_VEHICLE,False
1682318180033,WALKING,True
1682320368472,WALKING,False
1682320368472,ON_BICYCLE,True
1682321649731,ON_BICYCLE,False
1682321649731,STILL,True
1682322318735,STILL,False
1682322318735,ON_BICYCLE,True
1682324117969,ON_BICYCLE,False
1682324117969,WALKING,True
1682324475170,WALKING,False
1682324475170,IN_VEHICLE,True
1682324624211,IN_VEHICLE,False
1682324624211,WALKING,True
1682324902169,WALKING,False
1682324902169,IN_VEHICLE,True
1682325736402,IN_VEHICLE,False
1682325736402,WALKING,True
1682325806469,WALKING,False
1682325806469,STILL,True
1682328356907,STILL,False
1682328356907,WALKING,True
1682328477654,WALKING,False
1682328477654,STILL,True
1682328543323,STILL,False
1682328543323,IN_VEHICLE,True
1682329263150,IN_VEHICLE,False
1682329263150,WALKING,True
1682329576301,WALKING,False
1682329576301,STILL,True
1682332006343,STILL,False
1682332006343,WALKING,True
1682332360060,WALKING,False
1682332360060,IN_VEHICLE,True
1682332868271,IN_VEHICLE,False
1682332868271,STILL,True
1682338944125,STILL,False
1682338944125,IN_VEHICLE,True
1682339003416,IN_VEHICLE,False
1682339003416,IN_VEHICLE,True
1682339069399,IN_VEHICLE,False
1682339069399,IN_VEHICLE,True
1682339836015,IN_VEHICLE,False
1682339836015,WALKING,True
1682339991582,WALKING,False
1682339991582,RUNNING,True
1682340001711,RUNNING,False
1682340001711,WALKING,True
1682340028617,WALKING,False
1682340028617,IN_VEHICLE,True
1682340124426,IN_VEHICLE,False
1682340124426,RUNNING,True
1682340174819,RUNNING,False
1682340174819,STILL,True
1682340379074,STILL,False
1682340379074,IN_VEHICLE,True
1682340628648,IN_VEHICLE,False
1682340628648,WALKING,True
1682340916433,WALKING,False
1682340916433,STILL,True
1682341249153,STILL,False
1682341249153,WALKING,True
1682341576282,WALKING,False
1682341576282,IN_VEHICLE,True
1682343041810,IN_VEHICLE,False
1682343041810,WALKING,True
1682343109997,WALKING,False
1682343109997,STILL,True
1682343339178,STILL,False
1682343339178,IN_VEHICLE,True
1682343974217,IN_VEHICLE,False
1682343974217,WALKING,True
1682344160996,WALKING,False
1682344160996,STILL,True
1682345712364,STILL,False
1682345712364,WALKING,True
1682345810643,WALKING,False
1682345810643,STILL,True
1682377891830,STILL,False
1682377891830,WALKING,True
1682378063445,WALKING,False
1682378063445,STILL,True
1682378381221,STILL,False
1682378381221,WALKING,True
1682378498434,WALKING,False
1682378498434,IN_VEHICLE,True
1682380081561,IN_VEHICLE,False
1682380081561,WALKING,True
1682380365891,WALKING,False
1682380365891,STILL,True
1679619648070,IN_VEHICLE,False
1679619648070,STILL,True
1679626395514,STILL,False
1679626395514,WALKING,True
1679626995886,WALKING,False
1679626995886,STILL,True
1679627238140,STILL,False
1679627238140,WALKING,True
1679627906716,WALKING,False
1679627906716,STILL,True
1679630908062,STILL,False
1679630908062,WALKING,True
1679632973753,WALKING,False
1679632973753,STILL,True
1679634949691,STILL,False
1679634949691,WALKING,True
1679635017729,WALKING,False
1679635017729,IN_VEHICLE,True
1679635638585,IN_VEHICLE,False
1679635638585,STILL,True
1679637679434,STILL,False
1679637679434,WALKING,True
1679643214709,WALKING,False
1679643214709,STILL,True
1679650191004,STILL,False
1679650191004,WALKING,True
1679656269646,WALKING,False
1679656269646,STILL,True
1679658470314,STILL,False
1679658470314,WALKING,True
1679658807148,WALKING,False
1679658807148,IN_VEHICLE,True
1679660664345,IN_VEHICLE,False
1679660664345,STILL,True
1681347675819,STILL,False
1681347675819,WALKING,True
1681347744188,WALKING,False
1681347744188,IN_VEHICLE,True
1681348633295,IN_VEHICLE,False
1681348633295,WALKING,True
1681348891585,WALKING,False
1681348891585,STILL,True
1681349291614,STILL,False
1681349291614,IN_VEHICLE,True
1681349971518,IN_VEHICLE,False
1681349971518,STILL,True
1681353028707,STILL,False
1681353028707,WALKING,True
1681353137564,WALKING,False
1681353137564,IN_VEHICLE,True
1681353315158,IN_VEHICLE,False
1681353315158,WALKING,True
1681354185707,WALKING,False
1681354185707,STILL,True
1681354630710,STILL,False
1681354630710,WALKING,True
1681354799617,WALKING,False
1681354799617,STILL,True
1681356979397,STILL,False
1681356979397,WALKING,True
1681357319186,WALKING,False
1681357319186,IN_VEHICLE,True
1681357505298,IN_VEHICLE,False
1681357505298,WALKING,True
1681357610543,WALKING,False
1681357610543,STILL,True
1681362315858,STILL,False
1681362315858,WALKING,True
1681362634014,WALKING,False
1681362634014,IN_VEHICLE,True
1681362685020,IN_VEHICLE,False
1681362685020,IN_VEHICLE,True
1681362809621,IN_VEHICLE,False
1681362809621,WALKING,True
1681363049190,WALKING,False
1681363049190,STILL,True
1681363607257,STILL,False
1681363607257,IN_VEHICLE,True
1681364512530,IN_VEHICLE,False
1681364512530,STILL,True
1681367890757,STILL,False
1681367890757,WALKING,True
1681368314524,WALKING,False
1681368314524,IN_VEHICLE,True
1681368416848,IN_VEHICLE,False
1681368416848,WALKING,True
1681369364589,WALKING,False
1681369364589,STILL,True
1681369433585,STILL,False
1681369433585,WALKING,True
1681369756420,WALKING,False
1681369756420,STILL,True
1681374385488,STILL,False
1681374385488,WALKING,True
1681374567310,WALKING,False
1681374567310,STILL,True
1681375052358,STILL,False
1681375052358,WALKING,True
1681375931612,WALKING,False
1681375931612,STILL,True
1681375968059,STILL,False
1681375968059,WALKING,True
1681376102802,WALKING,False
1681376102802,STILL,True
1681376170787,STILL,False
1681376170787,WALKING,True
1681376573687,WALKING,False
1681376573687,STILL,True
1681379928871,STILL,False
1681379928871,WALKING,True
1681380258907,WALKING,False
1681380258907,STILL,True
1681381297708,STILL,False
1681381297708,WALKING,True
1681381455625,WALKING,False
1681381455625,STILL,True
1681383972238,STILL,False
1681383972238,WALKING,True
1681384242998,WALKING,False
1681384242998,IN_VEHICLE,True
1681384427002,IN_VEHICLE,False
1681384427002,IN_VEHICLE,True
1681384613301,IN_VEHICLE,False
1681384613301,IN_VEHICLE,True
1681385204768,IN_VEHICLE,False
1681385204768,WALKING,True
1681385330511,WALKING,False
1681385330511,IN_VEHICLE,True
1681385533297,IN_VEHICLE,False
1681385533297,WALKING,True
1681385716340,WALKING,False
1681385716340,STILL,True
1681386067298,STILL,False
1681386067298,WALKING,True
1681386237045,WALKING,False
1681386237045,STILL,True
1681386323608,STILL,False
1681386323608,IN_VEHICLE,True
1681387372648,IN_VEHICLE,False
1681387372648,STILL,True
1681389385932,STILL,False
1681389385932,WALKING,True
1681389453928,WALKING,False
1681389453928,STILL,True
1681395498168,STILL,False
1681395498168,IN_VEHICLE,True
1681396429641,IN_VEHICLE,False
1681396429641,STILL,True
1681427244073,STILL,False
1681427244073,WALKING,True
1681427414813,WALKING,False
1681427414813,IN_VEHICLE,True
1681428660203,IN_VEHICLE,False
1681428660203,WALKING,True
1681429187340,WALKING,False
1681429187340,STILL,True
1679453094110,WALKING,True
1679453113795,WALKING,True
1679454114967,STILL,False
1679454114967,WALKING,True
1679455070364,WALKING,False
1679455070364,IN_VEHICLE,True
1679455281480,IN_VEHICLE,False
1679455281480,WALKING,True
1679456542943,WALKING,False
1679456542943,STILL,True
1679456574852,STILL,False
1679456574852,IN_VEHICLE,True
1679458153954,IN_VEHICLE,False
1679458153954,STILL,True
1679462415372,STILL,False
1679462415372,WALKING,True
1679462845009,WALKING,False
1679462845009,STILL,True
1679462889805,STILL,False
1679462889805,WALKING,True
1679464242687,WALKING,False
1679464242687,STILL,True
1679471794817,STILL,False
1679471794817,IN_VEHICLE,True
1679472713698,IN_VEHICLE,False
1679472713698,IN_VEHICLE,True
1679473245294,IN_VEHICLE,False
1679473245294,STILL,True
1679474237772,STILL,False
1679474237772,WALKING,True
1679475242222,WALKING,False
1679475242222,STILL,True
1679476842449,STILL,False
1679476842449,WALKING,True
1679476974373,WALKING,False
1679476974373,STILL,True
1679477443226,STILL,False
1679477443226,WALKING,True
1679477472132,WALKING,False
1679477472132,STILL,True
1679491221897,STILL,False
1679491221897,WALKING,True
1679493694274,WALKING,False
1679493694274,STILL,True
1679500335824,STILL,False
1679500335824,WALKING,True
1679501100066,WALKING,False
1679501100066,IN_VEHICLE,True
1679502768840,IN_VEHICLE,False
1679502768840,STILL,True
1679527738370,STILL,False
1679527738370,IN_VEHICLE,True
1680138910266,STILL,False
1680138910266,WALKING,True
1680139276972,WALKING,False
1680139276972,STILL,True
1680139416182,STILL,False
1680139416182,IN_VEHICLE,True
1680139742390,IN_VEHICLE,False
1680139742390,WALKING,True
1680139887286,WALKING,False
1680139887286,STILL,True
1680144656914,STILL,False
1680144656914,WALKING,True
1680144868225,WALKING,False
1680144868225,STILL,True
1680148693090,STILL,False
1680148693090,WALKING,True
1680149012550,WALKING,False
1680149012550,STILL,True
1680152799856,STILL,False
1680152799856,IN_VEHICLE,True
1680153482516,IN_VEHICLE,False
1680153482516,WALKING,True
1680154455235,WALKING,False
1680154455235,STILL,True
1680159151166,STILL,False
1680159151166,IN_VEHICLE,True
1680159302638,IN_VEHICLE,False
1680159302638,WALKING,True
1680159423044,WALKING,False
1680159423044,IN_VEHICLE,True
1680160597944,IN_VEHICLE,False
1680160597944,WALKING,True
1680161899224,WALKING,False
1680161899224,IN_VEHICLE,True
1680163368814,IN_VEHICLE,False
1680163368814,STILL,True
1680166486705,STILL,False
1680166486705,IN_VEHICLE,True
1680167398102,IN_VEHICLE,False
1680167398102,STILL,True
1680172150718,STILL,False
1680172150718,IN_VEHICLE,True
1680173591175,IN_VEHICLE,False
1680173591175,WALKING,True
1680174865028,WALKING,False
1680174865028,STILL,True
1680177582903,STILL,False
1680177582903,WALKING,True
1680177724067,WALKING,False
1680177724067,STILL,True
1680177940813,STILL,False
1680177940813,IN_VEHICLE,True
1680178391572,IN_VEHICLE,False
1680178391572,WALKING,True
1680179423542,WALKING,False
1680179423542,STILL,True
1680182820863,STILL,False
1680182820863,WALKING,True
1680183070695,WALKING,False
1680183070695,STILL,True
1680187661662,STILL,False
1680187661662,IN_VEHICLE,True
1680188289567,IN_VEHICLE,False
1680188289567,WALKING,True
1680188443728,WALKING,False
1680188443728,STILL,True
1680188545671,STILL,False
1680188545671,IN_VEHICLE,True
1680189209236,IN_VEHICLE,False
1680189209236,STILL,True
1680218547319,STILL,False
1680218547319,IN_VEHICLE,True
1680219553146,IN_VEHICLE,False
1680219553146,WALKING,True
1680219930764,WALKING,False
1680219930764,STILL,True
